,Unnamed: 0,Unnamed: 0.1,open_covid_region_code,country_region_code,country_region,sub_region_1,sub_region_1_code,date,symptom:Angular cheilitis,symptom:Aphonia,symptom:Clouding of consciousness,symptom:Crackles,symptom:Dysautonomia,symptom:Hemolysis,symptom:Laryngitis,symptom:Myoclonus,symptom:Rectal pain,symptom:Rumination,symptom:Shallow breathing,symptom:Stridor,symptom:Urinary urgency,symptom:Ventricular fibrillation,symptom:Viral pneumonia,hospitalized_new
0,0,0,US-AK,US,United States,Alaska,US-AK,2020-01-06,,,,8.33,,9.12,14.47,10.51,,13.68,,10.31,,9.91,,
1,1,1,US-AK,US,United States,Alaska,US-AK,2020-01-13,,,9.95,8.22,11.09,,11.28,8.41,8.41,,,15.49,7.65,8.41,,
2,2,2,US-AK,US,United States,Alaska,US-AK,2020-01-20,,,8.83,8.28,10.12,,16.38,7.73,7.91,13.98,,14.9,7.54,16.19,,
3,3,3,US-AK,US,United States,Alaska,US-AK,2020-01-27,7.47,7.65,9.84,10.39,8.56,8.93,11.3,,9.66,10.2,,15.12,,,,
4,4,4,US-AK,US,United States,Alaska,US-AK,2020-02-03,8.06,12.56,,10.31,8.62,,15.93,12.56,,10.5,,11.43,,10.68,10.5,
5,5,5,US-AK,US,United States,Alaska,US-AK,2020-02-10,,10.88,9.97,11.43,8.16,9.43,10.52,,13.6,8.89,7.62,12.88,7.44,,7.8,
6,6,6,US-AK,US,United States,Alaska,US-AK,2020-02-17,,9.16,11.54,9.16,12.38,,8.48,9.33,8.14,7.29,,12.72,,8.65,8.48,
7,7,7,US-AK,US,United States,Alaska,US-AK,2020-02-24,10.61,7.29,9.94,8.95,9.78,8.45,12.26,,10.61,9.94,,9.28,7.13,8.62,11.1,
8,8,8,US-AK,US,United States,Alaska,US-AK,2020-03-02,,,7.64,,7.97,6.98,9.47,6.64,8.14,6.98,,12.46,,10.46,14.12,0.0
9,9,9,US-AK,US,United States,Alaska,US-AK,2020-03-09,,7.91,,,9.76,,12.45,7.07,7.07,8.58,8.08,13.97,,,18.85,0.0
10,10,10,US-AK,US,United States,Alaska,US-AK,2020-03-16,,7.95,,8.57,8.73,8.1,15.9,,7.33,11.85,10.91,12.94,,,24.94,0.0
11,11,11,US-AK,US,United States,Alaska,US-AK,2020-03-23,,,,8.36,7.19,15.55,7.04,,6.31,11.44,9.24,10.85,,7.04,13.79,6.0
12,12,12,US-AK,US,United States,Alaska,US-AK,2020-03-30,,,6.68,,,7.82,,5.69,,9.1,10.81,12.51,7.96,7.11,8.82,14.0
13,13,13,US-AK,US,United States,Alaska,US-AK,2020-04-06,7.06,,,7.2,,8.79,5.76,,10.37,9.07,7.06,,,,9.07,11.0
14,14,14,US-AK,US,United States,Alaska,US-AK,2020-04-13,6.52,,8.94,7.23,,8.94,,7.8,,7.38,6.81,,,,,5.0
15,15,15,US-AK,US,United States,Alaska,US-AK,2020-04-20,,,5.95,6.39,,8.42,,,,9.0,,10.6,,9.0,,-36.0
16,16,16,US-AK,US,United States,Alaska,US-AK,2020-04-27,,,6.26,6.26,6.41,7.9,,12.96,6.11,8.94,,7.3,7.0,9.83,,0.0
17,17,17,US-AK,US,United States,Alaska,US-AK,2020-05-04,,,8.42,,8.57,,,8.27,10.83,7.97,,8.57,,10.53,,0.0
18,18,18,US-AK,US,United States,Alaska,US-AK,2020-05-11,,,,7.31,,,,,,7.77,6.09,,,7.92,,0.0
19,19,19,US-AK,US,United States,Alaska,US-AK,2020-05-18,9.08,,7.39,,,,,7.08,6.31,,,6.77,,8.62,,0.0
20,20,20,US-AK,US,United States,Alaska,US-AK,2020-05-25,,,,,,6.99,,,6.36,9.93,,6.52,6.67,6.36,,0.0
21,21,21,US-AK,US,United States,Alaska,US-AK,2020-06-01,11.05,,12.6,,,7.0,,6.85,,6.54,6.38,,,,,0.0
22,22,22,US-AK,US,United States,Alaska,US-AK,2020-06-08,9.8,,7.16,,10.73,6.53,,9.02,8.24,8.87,,,6.69,9.18,,0.0
23,23,23,US-AK,US,United States,Alaska,US-AK,2020-06-15,6.8,,11.89,,,,,6.18,,9.11,,,6.49,6.95,,0.0
24,24,24,US-AK,US,United States,Alaska,US-AK,2020-06-22,7.11,7.41,6.95,6.64,,9.42,,,,10.5,,,,6.49,,0.0
25,25,25,US-AK,US,United States,Alaska,US-AK,2020-06-29,,,,,6.44,,,7.08,,6.92,,6.44,,11.91,,0.0
26,26,26,US-AK,US,United States,Alaska,US-AK,2020-07-06,,,9.49,,,6.18,,6.78,8.89,6.93,6.33,,8.74,7.68,6.48,0.0
27,27,27,US-AK,US,United States,Alaska,US-AK,2020-07-13,6.52,7.43,10.46,,7.73,,,6.97,8.03,6.52,,7.58,6.97,7.28,,0.0
28,28,28,US-AK,US,United States,Alaska,US-AK,2020-07-20,,,8.58,,6.78,,,,6.78,7.53,,,,7.08,,0.0
29,29,29,US-AK,US,United States,Alaska,US-AK,2020-07-27,,,8.27,7.52,7.07,7.97,,9.32,7.22,7.37,,,,,,0.0
30,30,30,US-AK,US,United States,Alaska,US-AK,2020-08-03,,,15.17,6.76,7.81,,,8.71,6.01,11.11,,,7.81,8.86,,0.0
31,31,31,US-AK,US,United States,Alaska,US-AK,2020-08-10,8.75,,,,11.37,6.45,,,,11.37,,,,7.22,,0.0
32,32,32,US-AK,US,United States,Alaska,US-AK,2020-08-17,,,9.68,10.12,7.59,6.55,,,,9.38,,5.96,,6.55,,0.0
33,33,33,US-AK,US,United States,Alaska,US-AK,2020-08-24,,,7.51,,6.93,,,8.37,,10.54,9.24,7.36,,8.37,,0.0
34,34,34,US-AK,US,United States,Alaska,US-AK,2020-08-31,,6.82,10.97,,8.45,,,6.82,6.08,11.86,8.01,,6.67,,6.97,0.0
35,35,35,US-AK,US,United States,Alaska,US-AK,2020-09-07,,,,7.49,7.94,7.34,,,8.39,,,6.89,8.84,10.64,,0.0
36,36,36,US-AK,US,United States,Alaska,US-AK,2020-09-14,6.32,,9.25,6.17,9.11,9.99,6.76,7.49,8.08,10.28,,11.02,6.32,8.67,,0.0
37,37,37,US-AK,US,United States,Alaska,US-AK,2020-09-21,,,,,9.48,7.73,6.71,,,11.38,,9.04,6.71,7.73,,0.0
38,38,38,US-DC,US,United States,District of Columbia,US-DC,2020-01-06,5.92,5.17,5.96,2.73,4.59,4.97,8.58,3.11,2.81,6.72,1.9,4.48,2.43,4.33,5.2,
39,39,39,US-DC,US,United States,District of Columbia,US-DC,2020-01-13,4.97,5.16,5.91,3.1,4.94,6.45,7.68,3.03,3.79,6.85,2.13,4.87,3.68,4.33,4.25,
40,40,40,US-DC,US,United States,District of Columbia,US-DC,2020-01-20,4.56,4.78,6.69,3.62,5.16,5.01,7.88,3.48,3.48,7.77,2.13,5.34,3.51,4.15,5.27,
41,41,41,US-DC,US,United States,District of Columbia,US-DC,2020-01-27,4.88,4.77,5.77,4.13,4.56,5.27,8.27,3.35,3.6,7.09,3.1,6.98,2.74,4.53,6.66,
42,42,42,US-DC,US,United States,District of Columbia,US-DC,2020-02-03,4.29,5.45,6.15,4.64,3.3,4.99,7.1,4.01,4.01,7.77,2.5,5.52,2.74,5.2,5.41,
43,43,43,US-DC,US,United States,District of Columbia,US-DC,2020-02-10,5.02,6.07,5.75,3.0,4.16,6.5,8.49,4.12,3.51,7.7,2.57,5.13,3.11,5.31,6.04,
44,44,44,US-DC,US,United States,District of Columbia,US-DC,2020-02-17,4.39,5.44,6.52,3.51,4.09,5.67,8.79,4.32,3.89,7.98,2.43,4.01,4.05,4.28,4.01,
45,45,45,US-DC,US,United States,District of Columbia,US-DC,2020-02-24,4.69,5.62,6.47,3.52,4.91,6.68,8.61,4.55,3.38,8.78,2.99,4.16,3.17,5.72,7.82,
46,46,46,US-DC,US,United States,District of Columbia,US-DC,2020-03-02,4.33,4.37,6.99,4.19,5.89,5.39,8.23,3.83,4.86,7.17,3.65,4.22,4.37,5.57,7.42,0.0
47,47,47,US-DC,US,United States,District of Columbia,US-DC,2020-03-09,2.69,5.99,7.22,3.77,4.72,5.26,8.67,3.08,3.16,5.95,11.5,4.83,2.72,5.55,14.26,0.0
48,48,48,US-DC,US,United States,District of Columbia,US-DC,2020-03-16,4.3,4.68,5.27,3.79,3.2,4.85,6.53,2.95,3.58,6.41,15.0,6.7,2.95,3.71,12.9,0.0
49,49,49,US-DC,US,United States,District of Columbia,US-DC,2020-03-23,3.82,3.6,6.77,4.34,3.73,6.94,4.95,4.6,3.47,6.9,10.8,6.03,2.73,4.12,9.98,0.0
50,50,50,US-DC,US,United States,District of Columbia,US-DC,2020-03-30,5.62,2.53,5.23,6.23,2.53,5.62,4.4,4.4,3.36,7.19,9.29,3.97,4.01,4.18,7.32,0.0
51,51,51,US-DC,US,United States,District of Columbia,US-DC,2020-04-06,4.9,,5.21,2.9,3.3,3.07,2.23,2.72,4.14,8.06,7.49,4.5,2.41,4.95,4.01,0.0
52,52,52,US-DC,US,United States,District of Columbia,US-DC,2020-04-13,4.81,2.38,4.64,2.74,2.43,4.37,3.09,3.88,4.99,8.65,5.17,2.47,2.52,3.71,4.46,0.0
53,53,53,US-DC,US,United States,District of Columbia,US-DC,2020-04-20,4.82,2.1,5.43,2.94,3.07,4.99,3.07,2.94,3.5,7.18,4.34,3.9,3.07,4.07,3.33,0.0
54,54,54,US-DC,US,United States,District of Columbia,US-DC,2020-04-27,5.09,,3.68,2.44,3.5,4.34,2.79,4.12,3.72,8.15,5.58,2.88,2.75,3.45,3.28,0.0
55,55,55,US-DC,US,United States,District of Columbia,US-DC,2020-05-04,6.03,2.03,5.72,,2.52,4.41,2.57,4.37,4.91,7.34,5.09,3.78,3.96,3.96,1.94,0.0
56,56,56,US-DC,US,United States,District of Columbia,US-DC,2020-05-11,6.74,,4.51,2.91,2.64,4.28,2.73,3.64,4.74,6.83,4.83,3.37,3.42,2.64,2.19,0.0
57,57,57,US-DC,US,United States,District of Columbia,US-DC,2020-05-18,3.71,2.83,6.03,2.69,3.53,2.97,3.39,4.59,3.02,8.72,4.04,4.22,2.6,4.96,2.97,0.0
58,58,58,US-DC,US,United States,District of Columbia,US-DC,2020-05-25,3.55,,4.83,,2.18,3.5,3.41,4.21,4.45,7.48,6.01,,3.22,4.02,,0.0
59,59,59,US-DC,US,United States,District of Columbia,US-DC,2020-06-01,6.32,2.48,4.49,2.01,3.13,5.33,2.81,4.49,4.4,7.11,2.25,2.39,2.62,4.02,,0.0
60,60,60,US-DC,US,United States,District of Columbia,US-DC,2020-06-08,5.03,,4.7,2.16,3.62,5.45,2.07,4.32,3.95,7.71,3.62,,3.48,4.7,,0.0
61,61,61,US-DC,US,United States,District of Columbia,US-DC,2020-06-15,5.25,2.27,5.49,2.08,4.96,5.25,2.55,5.44,4.07,8.09,3.73,3.5,2.6,6.34,,0.0
62,62,62,US-DC,US,United States,District of Columbia,US-DC,2020-06-22,5.24,2.33,4.53,2.95,4.67,6.43,3.1,5.0,3.81,7.57,4.48,3.29,3.57,4.14,,0.0
63,63,63,US-DC,US,United States,District of Columbia,US-DC,2020-06-29,7.01,3.25,5.13,2.49,4.83,5.03,3.66,4.01,4.47,5.89,3.2,2.49,,3.61,,0.0
64,64,64,US-DC,US,United States,District of Columbia,US-DC,2020-07-06,4.53,2.36,6.5,2.6,5.49,5.49,2.7,4.72,4.1,6.94,4.38,2.6,5.3,3.85,,0.0
65,65,65,US-DC,US,United States,District of Columbia,US-DC,2020-07-13,3.94,3.23,6.46,2.57,5.27,5.99,3.18,2.76,3.71,7.22,5.46,2.95,3.09,4.04,2.09,0.0
66,66,66,US-DC,US,United States,District of Columbia,US-DC,2020-07-20,5.67,2.19,7.34,,4.53,3.43,3.05,3.67,4.81,7.77,3.34,3.53,4.05,4.67,,0.0
67,67,67,US-DC,US,United States,District of Columbia,US-DC,2020-07-27,4.63,2.48,6.83,,5.02,6.59,2.87,3.54,4.4,7.21,3.77,2.82,2.77,4.63,,0.0
68,68,68,US-DC,US,United States,District of Columbia,US-DC,2020-08-03,5.22,,6.38,2.66,7.54,6.34,3.53,5.08,3.29,6.53,3.0,2.9,2.9,3.14,,0.0
69,69,69,US-DC,US,United States,District of Columbia,US-DC,2020-08-10,4.9,2.28,5.24,,5.63,5.72,3.64,3.15,6.84,7.23,4.27,3.64,2.81,3.1,,0.0
70,70,70,US-DC,US,United States,District of Columbia,US-DC,2020-08-17,5.8,,5.8,3.38,4.64,4.64,2.03,5.17,3.86,7.25,3.24,3.33,3.91,4.44,,0.0
71,71,71,US-DC,US,United States,District of Columbia,US-DC,2020-08-24,3.87,,5.71,2.12,4.56,4.33,2.58,3.87,4.79,9.4,3.73,3.55,3.32,4.05,2.49,0.0
72,72,72,US-DC,US,United States,District of Columbia,US-DC,2020-08-31,5.16,2.37,7.11,,5.2,6.78,2.93,4.55,5.06,6.83,2.97,2.74,3.53,3.95,,0.0
73,73,73,US-DC,US,United States,District of Columbia,US-DC,2020-09-07,4.66,4.75,6.79,2.72,4.34,5.31,2.77,4.8,4.89,8.91,3.32,4.06,3.74,3.97,,0.0
74,74,74,US-DC,US,United States,District of Columbia,US-DC,2020-09-14,6.22,2.87,6.54,,5.6,6.76,3.27,4.97,4.3,7.88,2.69,3.76,4.52,4.43,,0.0
75,75,75,US-DC,US,United States,District of Columbia,US-DC,2020-09-21,5.28,2.33,7.39,2.95,4.75,7.35,2.64,4.8,4.18,9.33,3.52,3.39,4.09,3.61,,0.0
76,76,76,US-DE,US,United States,Delaware,US-DE,2020-01-06,10.2,10.99,7.12,7.74,7.39,6.68,17.77,7.12,7.3,10.38,4.31,11.26,8.97,7.3,13.9,
77,77,77,US-DE,US,United States,Delaware,US-DE,2020-01-13,8.53,9.78,10.04,9.86,11.82,6.75,15.55,8.71,9.78,10.93,5.6,8.89,7.55,7.55,11.55,
78,78,78,US-DE,US,United States,Delaware,US-DE,2020-01-20,9.65,7.69,9.65,8.76,10.19,6.61,13.68,9.03,9.21,6.79,4.47,13.59,8.04,9.56,9.65,
79,79,79,US-DE,US,United States,Delaware,US-DE,2020-01-27,8.6,10.81,10.37,12.23,7.98,8.51,17.02,9.93,8.87,8.16,5.67,12.32,6.21,8.24,10.2,
80,80,80,US-DE,US,United States,Delaware,US-DE,2020-02-03,6.79,11.21,10.15,7.68,9.27,10.94,17.65,7.5,11.56,9.18,4.24,12.27,6.97,8.91,10.41,
81,81,81,US-DE,US,United States,Delaware,US-DE,2020-02-10,7.87,12.63,13.76,9.6,9.78,8.31,15.57,6.66,6.92,9.78,5.28,8.91,10.64,7.18,8.48,
82,82,82,US-DE,US,United States,Delaware,US-DE,2020-02-17,8.94,11.03,8.59,10.5,12.76,12.24,16.49,6.16,7.46,11.46,5.12,11.2,7.9,8.59,8.16,
83,83,83,US-DE,US,United States,Delaware,US-DE,2020-02-24,9.54,9.88,9.37,9.97,7.3,8.16,14.18,5.41,8.51,10.74,5.24,10.83,7.22,9.37,13.75,
84,84,84,US-DE,US,United States,Delaware,US-DE,2020-03-02,8.68,13.28,11.97,9.37,10.33,11.02,17.18,7.55,7.2,11.11,5.73,11.37,7.98,7.64,13.02,0.0
85,85,85,US-DE,US,United States,Delaware,US-DE,2020-03-09,4.56,10.22,6.84,6.17,9.8,6.67,18.33,6.59,5.57,4.98,11.82,11.74,4.81,6.84,17.14,0.0
86,86,86,US-DE,US,United States,Delaware,US-DE,2020-03-16,6.26,8.13,5.86,11.06,5.29,10.01,10.17,5.29,6.92,9.03,14.56,12.12,6.34,6.1,20.91,0.0
87,87,87,US-DE,US,United States,Delaware,US-DE,2020-03-23,4.91,6.47,5.77,10.84,6.4,22.15,9.67,5.93,7.17,9.36,12.01,10.69,7.25,4.84,13.73,0.0
88,88,88,US-DE,US,United States,Delaware,US-DE,2020-03-30,8.43,5.72,7.15,9.41,7.9,14.82,6.7,7.53,4.37,7.53,13.62,10.31,5.34,6.62,11.81,0.0
89,89,89,US-DE,US,United States,Delaware,US-DE,2020-04-06,7.27,4.77,5.3,7.35,4.47,13.41,3.86,5.0,6.74,7.65,9.24,5.68,6.59,9.62,7.2,0.0
90,90,90,US-DE,US,United States,Delaware,US-DE,2020-04-13,7.61,4.21,8.05,5.76,7.17,11.52,6.13,6.5,6.72,10.49,6.87,6.5,6.87,7.46,5.54,0.0
91,91,91,US-DE,US,United States,Delaware,US-DE,2020-04-20,7.67,3.5,9.93,6.64,5.62,11.24,5.99,6.72,7.59,8.18,10.37,9.13,5.84,6.57,5.48,0.0
92,92,92,US-DE,US,United States,Delaware,US-DE,2020-04-27,5.8,4.98,8.26,7.07,5.5,12.49,4.98,7.07,7.88,8.78,7.66,8.18,6.47,8.11,3.2,0.0
93,93,93,US-DE,US,United States,Delaware,US-DE,2020-05-04,6.92,,6.47,5.73,4.09,10.79,4.02,6.62,7.96,9.08,5.73,5.88,5.21,7.29,4.84,0.0
94,94,94,US-DE,US,United States,Delaware,US-DE,2020-05-11,6.74,3.94,8.4,6.43,5.98,6.36,4.09,8.03,7.27,8.93,6.13,6.96,6.13,5.75,4.69,0.0
95,95,95,US-DE,US,United States,Delaware,US-DE,2020-05-18,6.25,4.51,8.2,5.64,7.15,6.92,3.84,6.32,8.58,9.48,6.25,6.85,6.47,5.49,3.39,0.0
96,96,96,US-DE,US,United States,Delaware,US-DE,2020-05-25,4.77,,7.93,5.93,5.23,4.23,4.23,6.54,8.47,8.54,6.85,4.0,6.31,4.85,,0.0
97,97,97,US-DE,US,United States,Delaware,US-DE,2020-06-01,7.15,6.69,7.53,4.69,7.15,5.84,5.0,5.46,7.69,7.76,4.84,6.0,4.54,7.3,3.15,0.0
98,98,98,US-DE,US,United States,Delaware,US-DE,2020-06-08,6.01,3.47,8.17,5.08,5.55,8.4,4.47,7.09,7.63,8.63,4.93,5.08,4.39,7.86,,0.0
99,99,99,US-DE,US,United States,Delaware,US-DE,2020-06-15,9.15,4.07,9.23,8.91,7.74,7.27,6.33,8.13,7.58,8.6,5.08,3.67,6.57,6.33,,0.0
100,100,100,US-DE,US,United States,Delaware,US-DE,2020-06-22,5.95,6.1,10.33,5.63,4.69,6.81,3.68,6.34,9.62,7.59,6.65,4.54,6.81,7.59,,0.0
101,101,101,US-DE,US,United States,Delaware,US-DE,2020-06-29,6.14,3.7,8.65,5.9,9.36,7.0,5.51,9.21,7.87,8.03,7.87,6.14,5.9,7.95,,0.0
102,102,102,US-DE,US,United States,Delaware,US-DE,2020-07-06,7.45,4.99,8.6,5.99,7.45,8.06,5.6,8.98,5.45,6.91,5.99,5.76,9.06,7.06,3.15,0.0
103,103,103,US-DE,US,United States,Delaware,US-DE,2020-07-13,7.39,4.59,11.35,6.14,8.55,5.68,5.68,6.22,8.4,9.48,6.22,5.91,6.14,7.85,4.35,0.0
104,104,104,US-DE,US,United States,Delaware,US-DE,2020-07-20,6.38,4.12,9.02,5.37,6.92,5.37,4.82,9.88,9.8,8.87,6.22,5.13,6.53,7.31,3.42,0.0
105,105,105,US-DE,US,United States,Delaware,US-DE,2020-07-27,7.0,4.74,9.41,3.96,6.61,8.16,5.99,8.94,6.38,12.36,6.53,6.45,7.23,6.22,,0.0
106,106,106,US-DE,US,United States,Delaware,US-DE,2020-08-03,4.54,5.01,9.63,4.93,9.24,5.95,6.11,9.79,7.36,8.06,5.95,6.03,10.02,8.46,,0.0
107,107,107,US-DE,US,United States,Delaware,US-DE,2020-08-10,6.9,4.5,8.14,4.58,8.84,5.82,8.3,8.3,6.75,7.99,5.51,3.33,7.6,5.89,,0.0
108,108,108,US-DE,US,United States,Delaware,US-DE,2020-08-17,7.12,4.82,10.52,3.48,10.12,5.06,5.3,7.28,7.67,9.25,6.17,5.85,5.85,5.69,3.48,0.0
109,109,109,US-DE,US,United States,Delaware,US-DE,2020-08-24,6.52,6.29,8.31,7.07,8.46,6.45,4.89,6.45,7.38,9.16,4.97,6.13,7.84,7.22,,0.0
110,110,110,US-DE,US,United States,Delaware,US-DE,2020-08-31,6.24,4.0,10.32,5.55,8.7,5.55,3.39,8.63,8.63,9.17,5.85,6.16,7.16,8.09,5.08,0.0
111,111,111,US-DE,US,United States,Delaware,US-DE,2020-09-07,7.8,4.9,13.37,6.24,8.77,10.62,7.21,5.87,11.37,10.25,5.64,7.21,7.28,8.47,3.86,0.0
112,112,112,US-DE,US,United States,Delaware,US-DE,2020-09-14,6.29,4.59,10.95,7.99,7.47,12.05,5.92,7.25,8.58,8.88,7.25,6.95,6.36,7.99,3.18,0.0
113,113,113,US-DE,US,United States,Delaware,US-DE,2020-09-21,7.74,3.98,12.16,10.39,9.8,14.15,5.46,7.67,8.48,11.35,5.53,8.99,8.33,7.52,4.13,0.0
114,114,114,US-HI,US,United States,Hawaii,US-HI,2020-01-06,27.0,46.41,,25.88,,,76.23,,,,21.94,,,,33.76,
115,115,115,US-HI,US,United States,Hawaii,US-HI,2020-01-13,39.23,41.49,,31.89,,,69.43,,,,22.3,,,,41.77,
116,116,116,US-HI,US,United States,Hawaii,US-HI,2020-01-20,30.74,49.13,,32.18,,,69.25,,,,25.86,,,,47.41,
117,117,117,US-HI,US,United States,Hawaii,US-HI,2020-01-27,36.28,46.76,,24.66,,,61.78,,,,23.81,,,,53.56,
118,118,118,US-HI,US,United States,Hawaii,US-HI,2020-02-03,44.65,60.0,,20.76,,,81.62,,,,27.02,,,,39.81,
119,119,119,US-HI,US,United States,Hawaii,US-HI,2020-02-10,39.15,51.81,,38.28,,,86.06,,,,26.48,,,,46.34,
120,120,120,US-HI,US,United States,Hawaii,US-HI,2020-02-17,38.27,60.13,,28.77,,,91.49,,,,18.13,,,,53.8,
121,121,121,US-HI,US,United States,Hawaii,US-HI,2020-02-24,36.88,46.52,,34.33,,,82.55,,,,24.11,,,,56.74,
122,122,122,US-HI,US,United States,Hawaii,US-HI,2020-03-02,33.69,54.93,,29.73,,,91.45,,,,29.16,,,,69.65,0.0
123,123,123,US-HI,US,United States,Hawaii,US-HI,2020-03-09,32.41,64.27,,31.58,,,79.22,,,,49.58,,,,100.0,0.0
124,124,124,US-HI,US,United States,Hawaii,US-HI,2020-03-16,28.68,50.26,,37.77,,,84.34,,,,83.77,,,,88.6,0.0
125,125,125,US-HI,US,United States,Hawaii,US-HI,2020-03-23,31.62,36.37,,42.81,,,57.92,,,,73.87,,,,70.51,12.0
126,126,126,US-HI,US,United States,Hawaii,US-HI,2020-03-30,39.39,28.45,,36.11,,,39.67,,,,60.19,,,,46.78,7.0
127,127,127,US-HI,US,United States,Hawaii,US-HI,2020-04-06,36.26,23.07,,26.64,,,26.92,,,,44.5,,,,28.57,25.0
128,128,128,US-HI,US,United States,Hawaii,US-HI,2020-04-13,47.51,23.21,,22.67,,,28.07,,,,42.11,,,,14.04,7.0
129,129,129,US-HI,US,United States,Hawaii,US-HI,2020-04-20,31.97,17.34,,19.78,,,16.25,,,,34.13,,,,24.92,17.0
130,130,130,US-HI,US,United States,Hawaii,US-HI,2020-04-27,37.96,22.0,,22.28,,,30.81,,,,30.53,,,,22.83,4.0
131,131,131,US-HI,US,United States,Hawaii,US-HI,2020-05-04,38.03,,,18.46,,,17.34,,,,28.25,,,,15.66,9.0
132,132,132,US-HI,US,United States,Hawaii,US-HI,2020-05-11,37.09,16.99,,24.35,,,24.07,,,,31.71,,,,,1.0
133,133,133,US-HI,US,United States,Hawaii,US-HI,2020-05-18,27.92,,,26.48,,,24.47,,,,22.45,,,,,2.0
134,134,134,US-HI,US,United States,Hawaii,US-HI,2020-05-25,46.53,20.45,,20.45,,,17.78,,,,36.16,,,,,-1.0
135,135,135,US-HI,US,United States,Hawaii,US-HI,2020-06-01,27.99,14.29,,22.93,,,19.36,,,,25.91,,,,,0.0
136,136,136,US-HI,US,United States,Hawaii,US-HI,2020-06-08,34.94,13.62,,26.35,,,21.91,,,,29.31,,,,17.47,6.0
137,137,137,US-HI,US,United States,Hawaii,US-HI,2020-06-15,37.62,15.82,,26.57,,,13.73,,,,29.56,,,,18.21,7.0
138,138,138,US-HI,US,United States,Hawaii,US-HI,2020-06-22,30.68,19.55,,16.24,,,22.86,,,,34.89,,,,,14.0
139,139,139,US-HI,US,United States,Hawaii,US-HI,2020-06-29,26.87,20.46,,14.96,,,24.73,,,,31.45,,,,,8.0
140,140,140,US-HI,US,United States,Hawaii,US-HI,2020-07-06,22.45,21.55,,22.45,,,28.74,,,,35.62,,,,18.56,7.0
141,141,141,US-HI,US,United States,Hawaii,US-HI,2020-07-13,36.8,22.73,,24.83,,,25.13,,,,37.09,,,,17.95,15.0
142,142,142,US-HI,US,United States,Hawaii,US-HI,2020-07-20,30.39,24.78,,18.29,,,19.18,,,,41.01,,,,16.52,21.0
143,143,143,US-HI,US,United States,Hawaii,US-HI,2020-07-27,28.5,25.8,,28.5,,,16.5,,,,33.0,,,,14.1,33.0
144,144,144,US-HI,US,United States,Hawaii,US-HI,2020-08-03,40.95,32.11,,15.91,,,35.06,,,,34.47,,,,,43.0
145,145,145,US-HI,US,United States,Hawaii,US-HI,2020-08-10,29.11,16.3,,21.83,,,23.58,,,,29.69,,,,,42.0
146,146,146,US-HI,US,United States,Hawaii,US-HI,2020-08-17,36.2,17.4,,22.73,,,19.36,,,,36.2,,,,19.93,98.0
147,147,147,US-HI,US,United States,Hawaii,US-HI,2020-08-24,29.67,27.25,,22.39,,,17.53,,,,20.5,,,,11.33,120.0
148,148,148,US-HI,US,United States,Hawaii,US-HI,2020-08-31,33.4,23.35,,28.79,,,23.62,,,,39.92,,,,13.04,95.0
149,149,149,US-HI,US,United States,Hawaii,US-HI,2020-09-07,31.86,16.07,,31.59,,,14.16,,,,28.05,,,,18.52,43.0
150,150,150,US-HI,US,United States,Hawaii,US-HI,2020-09-14,30.14,23.35,,22.54,,,21.99,,,,33.13,,,,,91.0
151,151,151,US-HI,US,United States,Hawaii,US-HI,2020-09-21,34.62,22.36,,25.63,,,28.08,,,,36.26,,,,14.99,76.0
152,152,152,US-ID,US,United States,Idaho,US-ID,2020-01-06,,31.24,,,,,,,,,,,,,52.27,
153,153,153,US-ID,US,United States,Idaho,US-ID,2020-01-13,,35.03,,,,,,,,,,,,,44.67,
154,154,154,US-ID,US,United States,Idaho,US-ID,2020-01-20,,28.5,,,,,,,,,,,,,51.09,
155,155,155,US-ID,US,United States,Idaho,US-ID,2020-01-27,,30.77,,,,,,,,,,,,,47.71,
156,156,156,US-ID,US,United States,Idaho,US-ID,2020-02-03,,31.59,,,,,,,,,,,,,48.53,
157,157,157,US-ID,US,United States,Idaho,US-ID,2020-02-10,,33.57,,,,,,,,,,,,,48.4,
158,158,158,US-ID,US,United States,Idaho,US-ID,2020-02-17,,32.32,,,,,,,,,,,,,55.38,
159,159,159,US-ID,US,United States,Idaho,US-ID,2020-02-24,,31.39,,,,,,,,,,,,,58.76,
160,160,160,US-ID,US,United States,Idaho,US-ID,2020-03-02,,39.68,,,,,,,,,,,,,62.2,0.0
161,161,161,US-ID,US,United States,Idaho,US-ID,2020-03-09,,42.41,,,,,,,,,,,,,100.0,0.0
162,162,162,US-ID,US,United States,Idaho,US-ID,2020-03-16,,35.39,,,,,,,,,,,,,95.86,0.0
163,163,163,US-ID,US,United States,Idaho,US-ID,2020-03-23,,24.71,,,,,,,,,,,,,68.63,36.0
164,164,164,US-ID,US,United States,Idaho,US-ID,2020-03-30,,18.95,,,,,,,,,,,,,50.91,30.0
165,165,165,US-ID,US,United States,Idaho,US-ID,2020-04-06,,17.13,,,,,,,,,,,,,34.62,65.0
166,166,166,US-ID,US,United States,Idaho,US-ID,2020-04-13,,16.04,,,,,,,,,,,,,24.69,20.0
167,167,167,US-ID,US,United States,Idaho,US-ID,2020-04-20,,16.7,,,,,,,,,,,,,20.37,18.0
168,168,168,US-ID,US,United States,Idaho,US-ID,2020-04-27,,12.8,,,,,,,,,,,,,13.35,31.0
169,169,169,US-ID,US,United States,Idaho,US-ID,2020-05-04,,14.23,,,,,,,,,,,,,12.71,7.0
170,170,170,US-ID,US,United States,Idaho,US-ID,2020-05-11,,12.54,,,,,,,,,,,,,13.86,6.0
171,171,171,US-ID,US,United States,Idaho,US-ID,2020-05-18,,15.66,,,,,,,,,,,,,12.57,12.0
172,172,172,US-ID,US,United States,Idaho,US-ID,2020-05-25,,15.32,,,,,,,,,,,,,13.51,17.0
173,173,173,US-ID,US,United States,Idaho,US-ID,2020-06-01,,14.34,,,,,,,,,,,,,8.16,18.0
174,174,174,US-ID,US,United States,Idaho,US-ID,2020-06-08,,,,,,,,,,,,,,,8.53,6.0
175,175,175,US-ID,US,United States,Idaho,US-ID,2020-06-15,,13.52,,,,,,,,,,,,,10.29,17.0
176,176,176,US-ID,US,United States,Idaho,US-ID,2020-06-22,,22.95,,,,,,,,,,,,,10.87,29.0
177,177,177,US-ID,US,United States,Idaho,US-ID,2020-06-29,,18.34,,,,,,,,,,,,,16.07,47.0
178,178,178,US-ID,US,United States,Idaho,US-ID,2020-07-06,,18.29,,,,,,,,,,,,,20.08,109.0
179,179,179,US-ID,US,United States,Idaho,US-ID,2020-07-13,,13.77,,,,,,,,,,,,,16.97,115.0
180,180,180,US-ID,US,United States,Idaho,US-ID,2020-07-20,,19.13,,,,,,,,,,,,,15.1,140.0
181,181,181,US-ID,US,United States,Idaho,US-ID,2020-07-27,,18.91,,,,,,,,,,,,,18.51,133.0
182,182,182,US-ID,US,United States,Idaho,US-ID,2020-08-03,,21.68,,,,,,,,,,,,,16.46,132.0
183,183,183,US-ID,US,United States,Idaho,US-ID,2020-08-10,,14.0,,,,,,,,,,,,,9.4,115.0
184,184,184,US-ID,US,United States,Idaho,US-ID,2020-08-17,,14.84,,,,,,,,,,,,,12.34,143.0
185,185,185,US-ID,US,United States,Idaho,US-ID,2020-08-24,,14.79,,,,,,,,,,,,,14.23,119.0
186,186,186,US-ID,US,United States,Idaho,US-ID,2020-08-31,,19.18,,,,,,,,,,,,,15.42,101.0
187,187,187,US-ID,US,United States,Idaho,US-ID,2020-09-07,,18.24,,,,,,,,,,,,,13.27,130.0
188,188,188,US-ID,US,United States,Idaho,US-ID,2020-09-14,,13.7,,,,,,,,,,,,,16.01,115.0
189,189,189,US-ID,US,United States,Idaho,US-ID,2020-09-21,,15.97,,,,,,,,,,,,,19.24,100.0
190,190,190,US-ME,US,United States,Maine,US-ME,2020-01-06,24.42,22.64,,26.68,25.87,18.76,43.34,21.18,16.66,,9.38,28.95,20.05,21.83,36.87,
191,191,191,US-ME,US,United States,Maine,US-ME,2020-01-13,15.41,26.28,,21.25,34.23,17.36,42.5,19.14,19.47,,6.97,30.66,19.95,22.22,34.88,
192,192,192,US-ME,US,United States,Maine,US-ME,2020-01-20,22.22,23.04,,30.88,36.28,17.16,44.12,21.08,19.45,,8.99,35.3,21.24,27.78,40.36,
193,193,193,US-ME,US,United States,Maine,US-ME,2020-01-27,24.51,20.67,,28.36,34.28,33.48,35.08,19.06,26.91,,12.02,40.69,19.38,22.59,39.25,
194,194,194,US-ME,US,United States,Maine,US-ME,2020-02-03,19.75,19.43,,30.67,23.12,19.59,44.0,26.98,29.07,,12.53,34.37,18.63,27.14,36.61,
195,195,195,US-ME,US,United States,Maine,US-ME,2020-02-10,20.37,20.37,,26.84,27.81,19.56,43.82,18.43,16.98,,12.45,28.29,19.4,26.03,33.63,
196,196,196,US-ME,US,United States,Maine,US-ME,2020-02-17,20.88,24.98,,30.29,23.95,24.13,45.86,25.84,24.47,,12.49,29.26,21.22,23.44,34.39,
197,197,197,US-ME,US,United States,Maine,US-ME,2020-02-24,18.74,28.91,,30.81,27.8,24.78,40.34,19.38,24.78,,13.66,34.15,23.98,25.25,39.55,
198,198,198,US-ME,US,United States,Maine,US-ME,2020-03-02,16.51,25.71,,31.27,35.56,20.32,44.13,21.75,22.38,,12.38,26.83,19.05,22.22,40.32,0.0
199,199,199,US-ME,US,United States,Maine,US-ME,2020-03-09,12.78,24.01,,23.85,24.16,15.59,41.62,13.87,18.71,,26.34,29.62,17.61,20.58,75.14,0.0
200,200,200,US-ME,US,United States,Maine,US-ME,2020-03-16,15.25,25.47,,26.08,23.64,19.37,36.91,16.32,12.66,,34.47,26.69,11.59,13.73,61.77,0.0
201,201,201,US-ME,US,United States,Maine,US-ME,2020-03-23,14.03,18.27,,35.22,20.9,45.16,27.18,14.03,17.1,,29.81,31.42,12.57,18.7,35.51,0.0
202,202,202,US-ME,US,United States,Maine,US-ME,2020-03-30,11.92,12.49,,23.98,15.47,20.86,18.73,17.6,14.19,,30.79,21.43,16.18,14.05,27.96,86.0
203,203,203,US-ME,US,United States,Maine,US-ME,2020-04-06,13.76,13.17,,21.51,13.03,21.51,19.76,19.76,18.0,,25.17,24.0,12.44,15.07,19.61,34.0
204,204,204,US-ME,US,United States,Maine,US-ME,2020-04-13,19.78,13.81,,16.94,16.94,20.78,12.24,22.91,15.23,,21.63,13.52,17.51,15.66,16.08,16.0
205,205,205,US-ME,US,United States,Maine,US-ME,2020-04-20,18.08,9.99,,20.29,18.23,19.84,17.05,19.99,18.82,,20.29,16.32,17.05,10.88,11.76,23.0
206,206,206,US-ME,US,United States,Maine,US-ME,2020-04-27,16.65,8.18,,16.51,18.23,19.67,13.49,17.08,16.8,,14.21,17.66,15.36,15.36,10.34,24.0
207,207,207,US-ME,US,United States,Maine,US-ME,2020-05-04,17.89,13.85,,23.08,19.33,22.22,15.15,16.45,19.04,,17.89,17.31,18.75,14.28,10.1,16.0
208,208,208,US-ME,US,United States,Maine,US-ME,2020-05-11,17.78,12.05,,12.05,18.22,14.26,8.82,12.49,19.4,,17.34,15.43,14.99,8.96,6.91,17.0
209,209,209,US-ME,US,United States,Maine,US-ME,2020-05-18,15.82,6.84,,12.62,20.53,13.54,8.82,20.68,17.95,,14.6,15.21,12.62,14.3,6.24,36.0
210,210,210,US-ME,US,United States,Maine,US-ME,2020-05-25,14.24,11.4,,9.75,20.69,17.84,6.6,15.59,18.44,,13.95,13.2,17.54,14.99,,31.0
211,211,211,US-ME,US,United States,Maine,US-ME,2020-06-01,15.12,9.93,,10.08,20.31,13.64,12.75,16.46,17.64,,12.9,12.75,15.72,13.94,6.38,15.0
212,212,212,US-ME,US,United States,Maine,US-ME,2020-06-08,13.55,9.49,,15.36,26.05,13.1,10.84,21.38,17.77,,12.8,14.31,15.66,27.41,,16.0
213,213,213,US-ME,US,United States,Maine,US-ME,2020-06-15,14.3,9.38,,13.22,25.52,13.99,14.61,17.53,21.83,,13.22,13.84,17.84,26.6,6.46,22.0
214,214,214,US-ME,US,United States,Maine,US-ME,2020-06-22,6.58,7.32,,15.69,11.51,8.37,12.85,23.76,19.88,,15.54,13.75,19.28,24.21,,10.0
215,215,215,US-ME,US,United States,Maine,US-ME,2020-06-29,17.2,12.79,,11.03,26.76,13.53,10.0,17.94,18.08,,13.82,15.44,19.85,18.38,7.06,13.0
216,216,216,US-ME,US,United States,Maine,US-ME,2020-07-06,19.84,10.21,,14.23,22.43,13.66,17.97,16.54,18.12,,16.68,11.21,17.68,17.97,6.9,12.0
217,217,217,US-ME,US,United States,Maine,US-ME,2020-07-13,16.05,13.45,,10.85,27.19,15.04,12.15,18.95,19.23,,15.04,13.45,19.23,18.37,7.09,4.0
218,218,218,US-ME,US,United States,Maine,US-ME,2020-07-20,20.58,13.62,,12.17,31.01,15.65,15.51,20.0,22.03,,16.52,13.33,17.25,17.68,5.94,6.0
219,219,219,US-ME,US,United States,Maine,US-ME,2020-07-27,23.29,16.15,,12.43,31.43,12.57,13.86,23.57,12.43,,15.57,13.43,15.29,15.86,8.29,7.0
220,220,220,US-ME,US,United States,Maine,US-ME,2020-08-03,9.86,11.57,,9.29,30.57,13.14,14.0,21.14,20.0,,15.0,9.86,18.0,17.57,,5.0
221,221,221,US-ME,US,United States,Maine,US-ME,2020-08-10,19.09,7.55,,16.67,31.63,16.1,13.53,20.66,22.08,,15.53,14.25,14.96,11.11,8.26,7.0
222,222,222,US-ME,US,United States,Maine,US-ME,2020-08-17,19.85,13.14,,12.85,24.99,13.14,16.99,19.7,19.42,,15.42,12.57,16.56,12.99,7.14,8.0
223,223,223,US-ME,US,United States,Maine,US-ME,2020-08-24,22.17,9.26,,14.6,27.09,15.44,15.86,16.0,20.21,,14.74,13.19,17.68,14.31,,12.0
224,224,224,US-ME,US,United States,Maine,US-ME,2020-08-31,20.0,8.79,,14.61,23.69,14.18,12.91,17.3,15.32,,12.77,14.47,18.86,19.71,8.51,4.0
225,225,225,US-ME,US,United States,Maine,US-ME,2020-09-07,20.93,7.95,,19.25,28.32,20.93,12.97,18.14,20.23,,12.84,19.39,18.42,21.9,,7.0
226,226,226,US-ME,US,United States,Maine,US-ME,2020-09-14,24.98,9.16,,19.84,18.59,33.44,19.7,16.37,21.65,,16.51,18.18,21.79,18.73,6.11,8.0
227,227,227,US-ME,US,United States,Maine,US-ME,2020-09-21,20.27,11.66,,16.66,30.68,27.91,12.08,22.63,19.16,,13.75,22.08,19.99,17.36,7.91,6.0
228,228,228,US-MT,US,United States,Montana,US-MT,2020-01-06,10.97,10.72,12.99,11.6,12.49,8.96,20.94,9.46,9.21,9.96,,15.51,11.6,8.45,15.89,
229,229,229,US-MT,US,United States,Montana,US-MT,2020-01-13,10.12,11.62,13.49,10.12,14.24,9.37,21.74,11.24,10.12,10.87,,16.49,7.5,11.37,12.74,
230,230,230,US-MT,US,United States,Montana,US-MT,2020-01-20,7.45,10.48,9.34,13.13,14.02,12.0,22.35,13.64,10.48,14.77,7.7,22.73,11.62,10.73,22.48,
231,231,231,US-MT,US,United States,Montana,US-MT,2020-01-27,6.73,15.32,13.33,16.32,10.46,14.08,19.56,10.71,5.23,13.08,5.48,21.05,9.22,9.59,14.7,
232,232,232,US-MT,US,United States,Montana,US-MT,2020-02-03,13.02,11.41,12.15,14.26,13.52,14.76,24.18,10.29,12.9,9.18,5.21,19.34,8.56,13.64,16.25,
233,233,233,US-MT,US,United States,Montana,US-MT,2020-02-10,6.51,11.64,13.64,14.77,13.52,14.39,18.77,9.89,7.01,15.89,8.01,17.02,9.89,11.51,21.9,
234,234,234,US-MT,US,United States,Montana,US-MT,2020-02-17,9.05,14.96,16.59,13.45,23.75,12.57,23.0,7.92,8.67,13.83,8.17,17.85,6.66,15.33,20.36,
235,235,235,US-MT,US,United States,Montana,US-MT,2020-02-24,10.2,11.69,15.43,14.93,14.06,10.82,20.52,9.21,11.69,13.19,6.09,20.52,10.7,9.7,22.27,
236,236,236,US-MT,US,United States,Montana,US-MT,2020-03-02,8.3,11.53,10.66,15.49,13.51,11.28,22.93,13.14,8.55,15.37,8.43,16.98,5.95,7.81,28.01,0.0
237,237,237,US-MT,US,United States,Montana,US-MT,2020-03-09,8.68,13.99,8.8,12.9,12.06,10.25,20.62,,9.89,12.18,11.82,14.59,7.12,8.56,32.2,0.0
238,238,238,US-MT,US,United States,Montana,US-MT,2020-03-16,6.74,13.23,7.87,13.61,8.49,10.11,20.47,,,9.74,18.85,17.1,9.86,,35.33,0.0
239,239,239,US-MT,US,United States,Montana,US-MT,2020-03-23,,8.71,5.57,16.83,8.82,26.59,12.77,8.47,6.62,12.07,15.67,13.7,6.38,6.85,22.17,8.0
240,240,240,US-MT,US,United States,Montana,US-MT,2020-03-30,6.89,5.87,7.45,12.2,8.13,10.95,9.71,9.15,7.34,8.7,12.08,11.29,,8.13,18.97,16.0
241,241,241,US-MT,US,United States,Montana,US-MT,2020-04-06,7.21,5.82,8.03,9.65,8.49,9.89,11.52,9.77,7.33,10.47,7.79,7.68,7.91,6.75,12.79,23.0
242,242,242,US-MT,US,United States,Montana,US-MT,2020-04-13,5.08,5.64,7.22,8.46,10.94,13.2,8.91,8.35,10.6,13.54,6.77,11.84,5.98,7.9,9.93,8.0
243,243,243,US-MT,US,United States,Montana,US-MT,2020-04-20,8.76,,9.93,7.59,8.53,9.93,8.29,,8.88,13.9,8.06,8.99,9.46,9.7,8.29,6.0
244,244,244,US-MT,US,United States,Montana,US-MT,2020-04-27,8.55,5.11,12.24,8.55,7.37,8.67,6.54,8.32,10.46,10.1,6.77,,9.03,5.94,5.11,0.0
245,245,245,US-MT,US,United States,Montana,US-MT,2020-05-04,,5.88,11.39,7.67,12.95,8.75,7.55,5.16,8.87,11.63,7.07,8.87,6.71,9.11,5.04,1.0
246,246,246,US-MT,US,United States,Montana,US-MT,2020-05-11,5.74,,12.07,7.65,8.49,7.17,5.38,7.53,10.04,11.84,,8.01,6.1,12.43,6.1,1.0
247,247,247,US-MT,US,United States,Montana,US-MT,2020-05-18,7.47,,10.17,7.35,10.91,7.6,5.64,8.7,10.78,11.27,6.25,5.27,6.5,6.74,,2.0
248,248,248,US-MT,US,United States,Montana,US-MT,2020-05-25,9.43,,10.06,6.88,12.74,8.79,5.35,8.66,8.92,11.34,7.64,5.35,6.5,10.06,,2.0
249,249,249,US-MT,US,United States,Montana,US-MT,2020-06-01,5.72,,12.56,7.09,9.7,9.08,7.71,7.71,8.09,7.21,,7.59,7.21,8.09,,2.0
250,250,250,US-MT,US,United States,Montana,US-MT,2020-06-08,7.47,8.34,11.2,,10.7,12.44,5.72,7.71,8.96,13.06,,7.22,10.08,9.33,,8.0
251,251,251,US-MT,US,United States,Montana,US-MT,2020-06-15,7.62,,10.74,6.49,9.24,,5.99,8.24,9.99,10.74,,5.74,8.11,10.24,5.12,12.0
252,252,252,US-MT,US,United States,Montana,US-MT,2020-06-22,8.49,,11.73,5.87,11.23,7.36,5.24,8.74,,9.36,7.49,10.11,7.49,9.36,,8.0
253,253,253,US-MT,US,United States,Montana,US-MT,2020-06-29,6.72,5.96,12.67,6.72,10.01,7.73,7.6,9.12,8.74,16.22,5.96,9.5,15.46,9.25,5.58,15.0
254,254,254,US-MT,US,United States,Montana,US-MT,2020-07-06,10.77,5.44,13.43,7.14,12.1,7.26,7.62,7.62,7.99,7.26,5.69,10.53,11.49,10.04,5.2,16.0
255,255,255,US-MT,US,United States,Montana,US-MT,2020-07-13,7.0,,9.9,7.0,8.45,5.43,9.66,5.67,9.42,7.97,9.9,7.73,11.47,8.09,6.16,37.0
256,256,256,US-MT,US,United States,Montana,US-MT,2020-07-20,8.74,6.07,11.04,5.82,11.04,8.25,,6.43,7.89,11.04,7.89,5.95,8.13,8.86,,34.0
257,257,257,US-MT,US,United States,Montana,US-MT,2020-07-27,7.5,7.74,12.22,5.69,12.1,6.66,7.02,7.5,11.13,9.92,6.9,9.32,7.62,7.02,,34.0
258,258,258,US-MT,US,United States,Montana,US-MT,2020-08-03,7.84,,10.98,4.95,10.13,5.31,7.12,10.49,8.32,10.37,6.39,8.81,7.48,6.63,,39.0
259,259,259,US-MT,US,United States,Montana,US-MT,2020-08-10,7.71,,12.42,5.54,14.95,6.75,7.11,9.76,10.85,8.32,6.99,7.71,9.76,7.71,,54.0
260,260,260,US-MT,US,United States,Montana,US-MT,2020-08-17,9.39,5.75,12.67,,11.85,4.81,5.98,8.45,8.21,10.56,6.1,6.22,8.92,5.75,,53.0
261,261,261,US-MT,US,United States,Montana,US-MT,2020-08-24,5.76,5.53,11.64,7.03,11.41,6.11,6.22,7.03,10.02,13.13,4.84,7.26,10.83,10.95,,53.0
262,262,262,US-MT,US,United States,Montana,US-MT,2020-08-31,7.88,8.68,10.73,5.02,10.85,11.3,4.79,10.73,8.11,9.13,4.79,9.25,14.61,9.71,6.28,54.0
263,263,263,US-MT,US,United States,Montana,US-MT,2020-09-07,8.35,6.77,6.99,11.96,12.18,11.5,7.33,,8.68,12.07,4.96,10.49,7.78,8.91,4.85,39.0
264,264,264,US-MT,US,United States,Montana,US-MT,2020-09-14,7.68,7.9,10.31,8.67,9.77,11.74,7.02,9.88,7.46,13.61,4.39,11.52,11.41,10.21,,45.0
265,265,265,US-MT,US,United States,Montana,US-MT,2020-09-21,9.4,8.06,9.85,10.85,11.41,12.42,4.92,8.84,12.08,15.11,5.82,14.66,10.4,12.31,,117.0
266,266,266,US-ND,US,United States,North Dakota,US-ND,2020-01-06,5.71,6.0,7.88,,6.99,,13.88,5.51,9.45,7.97,,10.53,6.0,,12.01,
267,267,267,US-ND,US,United States,North Dakota,US-ND,2020-01-13,,4.34,6.7,5.57,7.36,6.32,10.19,,6.89,7.55,,11.89,7.65,10.01,10.29,
268,268,268,US-ND,US,United States,North Dakota,US-ND,2020-01-20,4.76,8.36,8.56,10.7,5.25,6.03,12.54,4.28,5.15,8.95,5.54,16.04,5.35,7.58,12.06,
269,269,269,US-ND,US,United States,North Dakota,US-ND,2020-01-27,7.04,7.62,5.04,7.33,5.52,6.76,11.71,6.28,4.38,6.0,6.28,17.04,7.04,9.04,13.14,
270,270,270,US-ND,US,United States,North Dakota,US-ND,2020-02-03,5.46,8.43,7.37,11.3,5.17,6.89,13.5,7.47,5.84,7.18,,9.1,6.99,6.7,10.91,
271,271,271,US-ND,US,United States,North Dakota,US-ND,2020-02-10,4.94,6.39,8.13,7.26,9.97,9.01,10.65,6.1,5.33,5.13,,11.04,10.17,8.52,12.59,
272,272,272,US-ND,US,United States,North Dakota,US-ND,2020-02-17,4.39,10.53,10.72,12.97,,11.41,15.5,7.99,6.73,10.53,,11.31,6.73,7.7,11.41,
273,273,273,US-ND,US,United States,North Dakota,US-ND,2020-02-24,4.56,7.32,6.27,8.93,6.27,9.98,12.07,6.08,7.22,9.6,6.56,11.97,6.37,6.46,12.35,
274,274,274,US-ND,US,United States,North Dakota,US-ND,2020-03-02,7.06,7.34,6.96,9.25,10.97,10.97,13.54,,6.39,8.2,,10.11,5.05,7.53,13.45,0.0
275,275,275,US-ND,US,United States,North Dakota,US-ND,2020-03-09,,7.56,,7.93,5.95,6.42,14.45,6.8,6.42,7.84,3.78,12.19,7.27,5.76,19.17,0.0
276,276,276,US-ND,US,United States,North Dakota,US-ND,2020-03-16,4.38,4.38,5.35,9.24,6.13,9.54,12.84,,7.49,4.96,10.9,11.29,6.13,6.62,18.58,3.0
277,277,277,US-ND,US,United States,North Dakota,US-ND,2020-03-23,4.8,5.91,4.15,11.17,6.0,18.37,10.52,4.89,6.74,7.94,11.26,9.79,5.72,4.52,13.76,14.0
278,278,278,US-ND,US,United States,North Dakota,US-ND,2020-03-30,,3.7,4.93,9.86,3.96,11.18,7.48,3.87,4.4,6.69,9.6,7.92,5.37,5.9,11.09,14.0
279,279,279,US-ND,US,United States,North Dakota,US-ND,2020-04-06,3.98,,5.34,7.42,,9.6,,4.71,3.71,6.7,6.25,8.06,6.43,7.7,6.25,8.0
280,280,280,US-ND,US,United States,North Dakota,US-ND,2020-04-13,3.91,,6.22,6.31,5.96,10.14,,5.07,4.62,7.03,6.31,5.25,5.6,4.36,8.0,12.0
281,281,281,US-ND,US,United States,North Dakota,US-ND,2020-04-20,,3.94,5.04,8.42,,7.6,,5.4,5.22,8.97,7.23,6.87,5.95,6.32,5.49,20.0
282,282,282,US-ND,US,United States,North Dakota,US-ND,2020-04-27,4.5,,4.59,4.69,5.81,7.12,,9.0,6.94,7.31,,4.78,7.22,5.62,5.53,19.0
283,283,283,US-ND,US,United States,North Dakota,US-ND,2020-05-04,,,5.44,4.43,,9.59,,5.07,5.44,7.56,5.81,5.07,4.33,4.52,,20.0
284,284,284,US-ND,US,United States,North Dakota,US-ND,2020-05-11,,,6.01,5.34,4.29,6.58,6.39,4.1,6.68,5.44,5.82,4.77,5.82,4.96,5.15,20.0
285,285,285,US-ND,US,United States,North Dakota,US-ND,2020-05-18,4.89,,8.36,4.48,5.81,4.28,4.89,5.3,6.11,6.22,5.2,6.32,,,,22.0
286,286,286,US-ND,US,United States,North Dakota,US-ND,2020-05-25,4.2,,4.62,6.62,4.62,,,,6.2,6.09,,5.78,4.73,4.2,,15.0
287,287,287,US-ND,US,United States,North Dakota,US-ND,2020-06-01,5.56,,6.49,5.66,,,,4.33,6.49,5.05,5.05,4.43,,7.62,,16.0
288,288,288,US-ND,US,United States,North Dakota,US-ND,2020-06-08,5.1,,7.24,6.02,5.81,4.28,5.3,5.2,4.79,6.53,7.75,6.93,5.0,7.65,,14.0
289,289,289,US-ND,US,United States,North Dakota,US-ND,2020-06-15,5.21,,8.65,6.98,5.21,,4.48,6.77,4.69,10.1,5.62,5.73,4.38,4.27,,19.0
290,290,290,US-ND,US,United States,North Dakota,US-ND,2020-06-22,4.72,,7.76,,,5.76,4.3,5.14,4.61,5.24,,6.29,7.02,7.23,,10.0
291,291,291,US-ND,US,United States,North Dakota,US-ND,2020-06-29,,,6.97,,,,,4.54,,8.96,,,6.08,6.19,,16.0
292,292,292,US-ND,US,United States,North Dakota,US-ND,2020-07-06,4.17,,8.24,,4.91,,4.7,6.89,6.26,5.32,7.62,5.53,6.99,4.8,,29.0
293,293,293,US-ND,US,United States,North Dakota,US-ND,2020-07-13,5.37,4.13,6.09,,4.13,5.99,5.68,4.85,5.37,5.68,4.75,5.06,5.68,5.37,,31.0
294,294,294,US-ND,US,United States,North Dakota,US-ND,2020-07-20,,,6.13,5.09,5.82,5.82,5.09,4.98,5.71,5.5,,,5.5,6.23,,31.0
295,295,295,US-ND,US,United States,North Dakota,US-ND,2020-07-27,5.78,,6.62,4.62,8.3,,5.25,5.25,5.46,6.51,4.83,5.04,8.41,4.83,,38.0
296,296,296,US-ND,US,United States,North Dakota,US-ND,2020-08-03,5.59,,6.31,6.93,5.9,4.24,,,6.31,7.04,4.66,4.66,4.66,5.59,,44.0
297,297,297,US-ND,US,United States,North Dakota,US-ND,2020-08-10,,,6.9,6.08,8.55,5.15,5.46,4.94,6.38,,5.15,5.25,6.69,5.46,,44.0
298,298,298,US-ND,US,United States,North Dakota,US-ND,2020-08-17,4.53,,8.86,4.03,5.63,,5.23,4.13,5.74,5.74,5.03,4.63,5.13,4.53,,42.0
299,299,299,US-ND,US,United States,North Dakota,US-ND,2020-08-24,,,6.16,4.93,7.58,4.55,4.74,6.07,5.97,9.39,5.21,6.54,7.11,4.46,,53.0
300,300,300,US-ND,US,United States,North Dakota,US-ND,2020-08-31,5.39,,8.7,7.28,5.2,8.8,,6.24,5.49,7.38,4.16,7.38,6.81,6.15,,44.0
301,301,301,US-ND,US,United States,North Dakota,US-ND,2020-09-07,5.18,,9.16,6.94,7.68,10.45,7.86,4.35,10.73,6.84,4.44,7.12,5.64,6.01,4.35,45.0
302,302,302,US-ND,US,United States,North Dakota,US-ND,2020-09-14,,,8.76,8.94,7.95,8.94,4.06,6.5,5.51,7.04,4.52,11.92,6.95,10.66,5.78,80.0
303,303,303,US-ND,US,United States,North Dakota,US-ND,2020-09-21,5.6,4.07,10.12,6.6,5.96,8.77,4.88,,6.42,6.51,6.42,11.21,7.05,7.95,6.05,92.0
304,304,304,US-NE,US,United States,Nebraska,US-NE,2020-01-06,,67.45,,,,,,,,,,,,,,
305,305,305,US-NE,US,United States,Nebraska,US-NE,2020-01-13,,71.33,,,,,,,,,,,,,,
306,306,306,US-NE,US,United States,Nebraska,US-NE,2020-01-20,,60.97,,,,,,,,,,,,,,
307,307,307,US-NE,US,United States,Nebraska,US-NE,2020-01-27,,79.88,,,,,,,,,,,,,,
308,308,308,US-NE,US,United States,Nebraska,US-NE,2020-02-03,,97.35,,,,,,,,,,,,,,
309,309,309,US-NE,US,United States,Nebraska,US-NE,2020-02-10,,75.83,,,,,,,,,,,,,,
310,310,310,US-NE,US,United States,Nebraska,US-NE,2020-02-17,,78.06,,,,,,,,,,,,,,
311,311,311,US-NE,US,United States,Nebraska,US-NE,2020-02-24,,70.58,,,,,,,,,,,,,,
312,312,312,US-NE,US,United States,Nebraska,US-NE,2020-03-02,,88.45,,,,,,,,,,,,,,0.0
313,313,313,US-NE,US,United States,Nebraska,US-NE,2020-03-09,,86.85,,,,,,,,,,,,,,0.0
314,314,314,US-NE,US,United States,Nebraska,US-NE,2020-03-16,,68.29,,,,,,,,,,,,,,0.0
315,315,315,US-NE,US,United States,Nebraska,US-NE,2020-03-23,,40.36,,,,,,,,,,,,,,0.0
316,316,316,US-NE,US,United States,Nebraska,US-NE,2020-03-30,,47.43,,,,,,,,,,,,,,0.0
317,317,317,US-NE,US,United States,Nebraska,US-NE,2020-04-06,,29.94,,,,,,,,,,,,,,0.0
318,318,318,US-NE,US,United States,Nebraska,US-NE,2020-04-13,,29.16,,,,,,,,,,,,,,0.0
319,319,319,US-NE,US,United States,Nebraska,US-NE,2020-04-20,,33.62,,,,,,,,,,,,,,0.0
320,320,320,US-NE,US,United States,Nebraska,US-NE,2020-04-27,,33.43,,,,,,,,,,,,,,0.0
321,321,321,US-NE,US,United States,Nebraska,US-NE,2020-05-04,,36.5,,,,,,,,,,,,,,0.0
322,322,322,US-NE,US,United States,Nebraska,US-NE,2020-05-11,,24.28,,,,,,,,,,,,,,0.0
323,323,323,US-NE,US,United States,Nebraska,US-NE,2020-05-18,,32.63,,,,,,,,,,,,,,0.0
324,324,324,US-NE,US,United States,Nebraska,US-NE,2020-05-25,,27.43,,,,,,,,,,,,,,0.0
325,325,325,US-NE,US,United States,Nebraska,US-NE,2020-06-01,,40.49,,,,,,,,,,,,,,928.0
326,326,326,US-NE,US,United States,Nebraska,US-NE,2020-06-08,,35.03,,,,,,,,,,,,,,142.0
327,327,327,US-NE,US,United States,Nebraska,US-NE,2020-06-15,,33.36,,,,,,,,,,,,,,142.0
328,328,328,US-NE,US,United States,Nebraska,US-NE,2020-06-22,,35.72,,,,,,,,,,,,,,103.0
329,329,329,US-NE,US,United States,Nebraska,US-NE,2020-06-29,,37.95,,,,,,,,,,,,,,53.0
330,330,330,US-NE,US,United States,Nebraska,US-NE,2020-07-06,,38.13,,,,,,,,,,,,,,53.0
331,331,331,US-NE,US,United States,Nebraska,US-NE,2020-07-13,,43.16,,,,,,,,,,,,,,60.0
332,332,332,US-NE,US,United States,Nebraska,US-NE,2020-07-20,,39.27,,,,,,,,,,,,,,86.0
333,333,333,US-NE,US,United States,Nebraska,US-NE,2020-07-27,,46.36,,,,,,,,,,,,,,62.0
334,334,334,US-NE,US,United States,Nebraska,US-NE,2020-08-03,,40.07,,,,,,,,,,,,,,86.0
335,335,335,US-NE,US,United States,Nebraska,US-NE,2020-08-10,,35.84,,,,,,,,,,,,,,168.0
336,336,336,US-NE,US,United States,Nebraska,US-NE,2020-08-17,,30.66,,,,,,,,,,,,,,24.0
337,337,337,US-NE,US,United States,Nebraska,US-NE,2020-08-24,,39.98,,,,,,,,,,,,,,85.0
338,338,338,US-NE,US,United States,Nebraska,US-NE,2020-08-31,,41.52,,,,,,,,,,,,,,73.0
339,339,339,US-NE,US,United States,Nebraska,US-NE,2020-09-07,,33.18,,,,,,,,,,,,,,72.0
340,340,340,US-NE,US,United States,Nebraska,US-NE,2020-09-14,,42.21,,,,,,,,,,,,,,57.0
341,341,341,US-NE,US,United States,Nebraska,US-NE,2020-09-21,,43.88,,,,,,,,,,,,,,85.0
342,342,342,US-NH,US,United States,New Hampshire,US-NH,2020-01-06,18.3,22.49,,24.44,31.7,12.71,47.63,20.53,18.58,,11.17,,17.04,16.9,34.22,
343,343,343,US-NH,US,United States,New Hampshire,US-NH,2020-01-13,18.56,22.61,,21.21,37.54,13.81,39.91,21.63,21.21,,9.63,,18.42,19.68,40.05,
344,344,344,US-NH,US,United States,New Hampshire,US-NH,2020-01-20,18.64,21.44,,26.49,27.33,14.16,41.49,22.57,19.2,,12.61,,16.68,18.92,36.3,
345,345,345,US-NH,US,United States,New Hampshire,US-NH,2020-01-27,17.9,24.65,,29.47,30.71,11.98,42.27,20.38,22.58,,14.87,,19.28,21.07,41.72,
346,346,346,US-NH,US,United States,New Hampshire,US-NH,2020-02-03,19.59,25.21,,24.11,21.1,19.05,49.05,21.1,20.55,,9.73,,18.09,19.32,33.16,
347,347,347,US-NH,US,United States,New Hampshire,US-NH,2020-02-10,21.37,22.2,,26.2,23.16,18.89,46.46,17.65,21.92,,10.62,,22.06,27.57,31.43,
348,348,348,US-NH,US,United States,New Hampshire,US-NH,2020-02-17,15.29,20.43,,25.16,25.44,13.21,40.86,22.8,20.43,,9.73,,21.54,22.52,36.0,
349,349,349,US-NH,US,United States,New Hampshire,US-NH,2020-02-24,18.15,19.36,,23.44,22.69,30.7,40.23,26.77,22.39,,15.88,,16.94,21.48,35.7,
350,350,350,US-NH,US,United States,New Hampshire,US-NH,2020-03-02,20.47,27.85,,28.55,25.62,25.48,43.59,18.94,18.8,,20.75,,21.17,15.04,43.03,0.0
351,351,351,US-NH,US,United States,New Hampshire,US-NH,2020-03-09,14.52,26.71,,24.24,25.88,20.0,40.54,15.06,15.34,,25.47,,17.26,18.9,65.33,0.0
352,352,352,US-NH,US,United States,New Hampshire,US-NH,2020-03-16,17.2,13.65,,26.39,19.82,9.19,30.98,11.81,14.96,,40.96,,11.42,12.47,59.07,0.0
353,353,353,US-NH,US,United States,New Hampshire,US-NH,2020-03-23,17.58,11.76,,24.64,20.68,41.1,22.66,19.44,13.74,,34.67,,14.11,18.82,36.03,33.0
354,354,354,US-NH,US,United States,New Hampshire,US-NH,2020-03-30,11.94,11.58,,22.18,15.84,21.08,17.67,17.55,13.77,,30.22,,13.89,9.99,25.83,53.0
355,355,355,US-NH,US,United States,New Hampshire,US-NH,2020-04-06,17.4,,,22.22,18.27,16.05,14.07,20.49,17.9,,21.85,,11.85,16.42,19.13,60.0
356,356,356,US-NH,US,United States,New Hampshire,US-NH,2020-04-13,16.07,8.94,,16.8,15.23,20.3,13.42,17.65,16.07,,19.46,,13.9,17.65,11.6,46.0
357,357,357,US-NH,US,United States,New Hampshire,US-NH,2020-04-20,20.42,9.72,,14.46,20.42,18.48,12.15,17.5,19.08,,19.33,,13.61,14.22,14.22,46.0
358,358,358,US-NH,US,United States,New Hampshire,US-NH,2020-04-27,17.37,6.37,,15.99,11.87,23.24,10.5,17.74,20.24,,15.74,,14.37,15.99,15.99,39.0
359,359,359,US-NH,US,United States,New Hampshire,US-NH,2020-05-04,17.95,10.45,,12.05,20.16,20.9,10.94,17.83,19.67,,16.84,,16.23,14.26,9.22,36.0
360,360,360,US-NH,US,United States,New Hampshire,US-NH,2020-05-11,12.88,9.63,,11.25,21.13,10.88,9.88,14.0,16.25,,13.38,,8.13,17.63,8.88,34.0
361,361,361,US-NH,US,United States,New Hampshire,US-NH,2020-05-18,15.4,,,15.14,15.01,11.26,11.26,19.92,19.28,,19.66,,15.78,19.54,6.34,72.0
362,362,362,US-NH,US,United States,New Hampshire,US-NH,2020-05-25,15.3,10.16,,11.96,17.61,12.09,8.74,12.98,17.36,,9.77,,13.5,15.04,,30.0
363,363,363,US-NH,US,United States,New Hampshire,US-NH,2020-06-01,16.57,7.96,,9.51,17.6,12.72,12.33,17.73,18.88,,10.4,,14.0,17.34,5.52,38.0
364,364,364,US-NH,US,United States,New Hampshire,US-NH,2020-06-08,16.02,9.06,,9.72,25.87,15.23,10.51,15.89,16.68,,13.27,,16.02,16.15,,26.0
365,365,365,US-NH,US,United States,New Hampshire,US-NH,2020-06-15,13.08,11.86,,14.29,22.51,14.42,8.09,17.52,17.93,,11.59,,15.5,14.56,6.07,38.0
366,366,366,US-NH,US,United States,New Hampshire,US-NH,2020-06-22,18.9,7.93,,13.62,18.77,9.12,,21.81,24.72,,14.67,,13.88,14.94,,11.0
367,367,367,US-NH,US,United States,New Hampshire,US-NH,2020-06-29,14.08,8.98,,8.98,20.65,11.53,11.0,20.52,18.91,,11.94,,16.5,16.63,6.84,7.0
368,368,368,US-NH,US,United States,New Hampshire,US-NH,2020-07-06,16.58,10.57,,13.97,19.19,14.88,11.75,19.19,19.19,,13.32,,20.89,13.71,,20.0
369,369,369,US-NH,US,United States,New Hampshire,US-NH,2020-07-13,19.18,7.27,,13.22,24.33,14.15,11.64,16.79,20.36,,19.7,,17.72,14.81,7.01,84.0
370,370,370,US-NH,US,United States,New Hampshire,US-NH,2020-07-20,14.35,12.09,,11.83,28.04,14.88,13.29,26.31,19.8,,14.09,,19.53,18.87,7.17,15.0
371,371,371,US-NH,US,United States,New Hampshire,US-NH,2020-07-27,16.41,12.84,,12.04,29.25,10.85,15.35,19.19,15.62,,14.56,,15.09,18.26,5.29,7.0
372,372,372,US-NH,US,United States,New Hampshire,US-NH,2020-08-03,17.94,7.44,,9.7,28.83,12.89,11.56,16.74,19.8,,16.08,,17.94,18.2,5.32,6.0
373,373,373,US-NH,US,United States,New Hampshire,US-NH,2020-08-10,16.13,10.84,,11.37,28.43,9.52,15.61,21.42,18.78,,13.36,,18.78,17.59,,7.0
374,374,374,US-NH,US,United States,New Hampshire,US-NH,2020-08-17,20.66,10.46,,11.26,26.36,8.87,15.1,15.23,19.87,,15.36,,19.34,18.81,,3.0
375,375,375,US-NH,US,United States,New Hampshire,US-NH,2020-08-24,16.74,9.86,,14.14,29.58,8.56,12.58,19.46,17.77,,14.14,,17.9,18.29,5.19,3.0
376,376,376,US-NH,US,United States,New Hampshire,US-NH,2020-08-31,15.93,15.41,,12.54,21.8,18.8,13.06,20.89,15.67,,14.62,,18.28,16.58,8.1,4.0
377,377,377,US-NH,US,United States,New Hampshire,US-NH,2020-09-07,16.35,10.14,,12.42,23.2,19.39,13.31,21.55,19.01,,13.18,,19.77,23.58,8.11,3.0
378,378,378,US-NH,US,United States,New Hampshire,US-NH,2020-09-14,19.53,9.45,,18.65,23.94,31.88,13.86,19.03,17.77,,17.51,,19.03,21.55,6.43,4.0
379,379,379,US-NH,US,United States,New Hampshire,US-NH,2020-09-21,15.22,13.46,,16.98,27.43,22.27,16.86,18.87,23.4,,12.33,,17.49,22.39,11.2,11.0
380,380,380,US-NM,US,United States,New Mexico,US-NM,2020-01-06,,43.08,,,,,,,,,,,,,60.77,
381,381,381,US-NM,US,United States,New Mexico,US-NM,2020-01-13,,44.96,,,,,,,,,,,,,60.68,
382,382,382,US-NM,US,United States,New Mexico,US-NM,2020-01-20,,45.38,,,,,,,,,,,,,54.5,
383,383,383,US-NM,US,United States,New Mexico,US-NM,2020-01-27,,48.12,,,,,,,,,,,,,58.31,
384,384,384,US-NM,US,United States,New Mexico,US-NM,2020-02-03,,51.52,,,,,,,,,,,,,49.59,
385,385,385,US-NM,US,United States,New Mexico,US-NM,2020-02-10,,41.45,,,,,,,,,,,,,53.66,
386,386,386,US-NM,US,United States,New Mexico,US-NM,2020-02-17,,49.27,,,,,,,,,,,,,45.55,
387,387,387,US-NM,US,United States,New Mexico,US-NM,2020-02-24,,44.47,,,,,,,,,,,,,62.61,
388,388,388,US-NM,US,United States,New Mexico,US-NM,2020-03-02,,47.66,,,,,,,,,,,,,66.34,0.0
389,389,389,US-NM,US,United States,New Mexico,US-NM,2020-03-09,,48.52,,,,,,,,,,,,,100.0,0.0
390,390,390,US-NM,US,United States,New Mexico,US-NM,2020-03-16,,39.8,,,,,,,,,,,,,97.97,0.0
391,391,391,US-NM,US,United States,New Mexico,US-NM,2020-03-23,,32.67,,,,,,,,,,,,,70.4,0.0
392,392,392,US-NM,US,United States,New Mexico,US-NM,2020-03-30,,27.73,,,,,,,,,,,,,49.42,0.0
393,393,393,US-NM,US,United States,New Mexico,US-NM,2020-04-06,,24.65,,,,,,,,,,,,,36.87,0.0
394,394,394,US-NM,US,United States,New Mexico,US-NM,2020-04-13,,23.21,,,,,,,,,,,,,24.8,258.0
395,395,395,US-NM,US,United States,New Mexico,US-NM,2020-04-20,,18.09,,,,,,,,,,,,,18.69,154.0
396,396,396,US-NM,US,United States,New Mexico,US-NM,2020-04-27,,22.26,,,,,,,,,,,,,15.72,175.0
397,397,397,US-NM,US,United States,New Mexico,US-NM,2020-05-04,,22.98,,,,,,,,,,,,,18.01,202.0
398,398,398,US-NM,US,United States,New Mexico,US-NM,2020-05-11,,15.51,,,,,,,,,,,,,13.86,97.0
399,399,399,US-NM,US,United States,New Mexico,US-NM,2020-05-18,,17.68,,,,,,,,,,,,,14.88,253.0
400,400,400,US-NM,US,United States,New Mexico,US-NM,2020-05-25,,21.68,,,,,,,,,,,,,15.98,178.0
401,401,401,US-NM,US,United States,New Mexico,US-NM,2020-06-01,,18.67,,,,,,,,,,,,,9.98,172.0
402,402,402,US-NM,US,United States,New Mexico,US-NM,2020-06-08,,26.05,,,,,,,,,,,,,19.49,136.0
403,403,403,US-NM,US,United States,New Mexico,US-NM,2020-06-15,,22.08,,,,,,,,,,,,,13.47,121.0
404,404,404,US-NM,US,United States,New Mexico,US-NM,2020-06-22,,14.53,,,,,,,,,,,,,11.45,105.0
405,405,405,US-NM,US,United States,New Mexico,US-NM,2020-06-29,,14.86,,,,,,,,,,,,,17.34,137.0
406,406,406,US-NM,US,United States,New Mexico,US-NM,2020-07-06,,24.32,,,,,,,,,,,,,24.1,199.0
407,407,407,US-NM,US,United States,New Mexico,US-NM,2020-07-13,,16.92,,,,,,,,,,,,,18.66,177.0
408,408,408,US-NM,US,United States,New Mexico,US-NM,2020-07-20,,21.27,,,,,,,,,,,,,19.52,178.0
409,409,409,US-NM,US,United States,New Mexico,US-NM,2020-07-27,,21.71,,,,,,,,,,,,,13.38,161.0
410,410,410,US-NM,US,United States,New Mexico,US-NM,2020-08-03,,19.22,,,,,,,,,,,,,14.04,135.0
411,411,411,US-NM,US,United States,New Mexico,US-NM,2020-08-10,,15.3,,,,,,,,,,,,,10.06,119.0
412,412,412,US-NM,US,United States,New Mexico,US-NM,2020-08-17,,18.28,,,,,,,,,,,,,15.23,73.0
413,413,413,US-NM,US,United States,New Mexico,US-NM,2020-08-24,,18.93,,,,,,,,,,,,,9.67,86.0
414,414,414,US-NM,US,United States,New Mexico,US-NM,2020-08-31,,23.36,,,,,,,,,,,,,11.06,55.0
415,415,415,US-NM,US,United States,New Mexico,US-NM,2020-09-07,,18.39,,,,,,,,,,,,,16.74,92.0
416,416,416,US-NM,US,United States,New Mexico,US-NM,2020-09-14,,20.36,,,,,,,,,,,,,8.96,72.0
417,417,417,US-NM,US,United States,New Mexico,US-NM,2020-09-21,,17.27,,,,,,,,,,,,,16.45,100.0
418,418,418,US-RI,US,United States,Rhode Island,US-RI,2020-01-06,14.35,17.22,13.31,16.53,15.38,11.71,26.63,12.51,13.89,16.41,7.46,18.13,12.4,11.94,15.15,
419,419,419,US-RI,US,United States,Rhode Island,US-RI,2020-01-13,11.19,14.5,18.27,18.49,17.92,13.13,26.14,11.87,12.21,18.38,5.59,19.29,13.24,11.19,21.35,
420,420,420,US-RI,US,United States,Rhode Island,US-RI,2020-01-20,14.92,16.26,18.17,16.15,12.79,10.32,24.9,14.13,12.11,17.94,8.75,20.75,13.57,17.94,24.0,
421,421,421,US-RI,US,United States,Rhode Island,US-RI,2020-01-27,16.16,17.25,14.76,16.27,11.93,15.41,24.41,14.54,13.45,19.85,9.66,24.41,10.74,12.26,25.28,
422,422,422,US-RI,US,United States,Rhode Island,US-RI,2020-02-03,13.39,15.98,19.43,18.25,14.79,14.14,27.32,13.06,13.5,18.25,8.42,24.08,16.2,15.12,24.83,
423,423,423,US-RI,US,United States,Rhode Island,US-RI,2020-02-10,14.24,17.44,15.57,17.22,13.36,14.9,31.68,17.55,12.26,17.55,7.84,19.87,8.61,14.68,21.2,
424,424,424,US-RI,US,United States,Rhode Island,US-RI,2020-02-17,17.05,18.2,19.24,17.39,15.32,14.05,33.17,11.29,14.97,23.61,8.87,21.2,14.63,15.9,21.77,
425,425,425,US-RI,US,United States,Rhode Island,US-RI,2020-02-24,13.85,13.96,14.94,14.94,13.42,15.15,25.54,10.93,14.83,23.92,11.9,16.99,14.07,12.55,21.32,0.0
426,426,426,US-RI,US,United States,Rhode Island,US-RI,2020-03-02,13.94,15.69,17.01,14.81,12.84,21.07,24.91,10.86,11.85,19.64,10.75,19.09,11.19,14.26,29.19,0.0
427,427,427,US-RI,US,United States,Rhode Island,US-RI,2020-03-09,8.88,14.76,13.21,12.65,15.98,9.65,24.3,11.21,11.43,15.54,18.09,15.87,11.1,11.21,36.62,0.0
428,428,428,US-RI,US,United States,Rhode Island,US-RI,2020-03-16,10.7,12.03,11.14,20.63,9.71,11.47,20.3,7.83,12.14,15.34,30.89,21.07,6.29,9.6,30.23,0.0
429,429,429,US-RI,US,United States,Rhode Island,US-RI,2020-03-23,10.41,10.92,12.03,19.21,6.87,21.43,15.16,14.36,10.41,15.06,19.91,21.63,9.81,15.16,16.38,0.0
430,430,430,US-RI,US,United States,Rhode Island,US-RI,2020-03-30,12.43,9.42,8.32,13.43,7.72,13.73,11.22,9.32,10.12,16.44,20.75,16.44,7.72,10.42,17.54,0.0
431,431,431,US-RI,US,United States,Rhode Island,US-RI,2020-04-06,12.31,8.61,12.51,13.95,9.44,14.36,8.0,12.2,13.33,16.61,18.87,14.77,10.15,13.23,13.95,0.0
432,432,432,US-RI,US,United States,Rhode Island,US-RI,2020-04-13,10.81,7.44,12.0,8.63,9.32,10.61,10.31,20.92,11.3,15.57,15.86,12.0,9.81,12.79,9.02,605.0
433,433,433,US-RI,US,United States,Rhode Island,US-RI,2020-04-20,10.73,7.58,13.59,9.55,8.67,13.89,11.52,15.17,14.48,19.3,11.23,10.93,10.64,11.13,11.23,86.0
434,434,434,US-RI,US,United States,Rhode Island,US-RI,2020-04-27,15.49,5.13,13.48,11.06,9.55,16.39,6.84,14.28,11.16,17.5,12.77,13.58,13.58,11.06,6.13,322.0
435,435,435,US-RI,US,United States,Rhode Island,US-RI,2020-05-04,10.94,6.79,12.25,9.62,7.19,9.72,7.49,13.87,11.85,19.04,7.39,8.1,11.54,11.65,4.46,238.0
436,436,436,US-RI,US,United States,Rhode Island,US-RI,2020-05-11,12.47,7.07,11.84,10.49,10.29,9.66,7.69,15.59,12.88,16.62,12.16,10.7,8.62,9.14,4.99,167.0
437,437,437,US-RI,US,United States,Rhode Island,US-RI,2020-05-18,11.68,10.2,15.99,6.0,10.94,8.52,6.84,9.68,12.73,14.09,11.04,10.1,11.57,10.62,5.15,162.0
438,438,438,US-RI,US,United States,Rhode Island,US-RI,2020-05-25,6.37,5.31,14.01,5.1,12.42,8.49,7.11,10.94,12.95,15.93,11.04,7.43,9.55,11.25,,121.0
439,439,439,US-RI,US,United States,Rhode Island,US-RI,2020-06-01,10.75,6.64,11.91,6.22,8.12,6.96,7.91,9.59,14.97,16.87,6.22,10.12,10.65,13.81,,74.0
440,440,440,US-RI,US,United States,Rhode Island,US-RI,2020-06-08,10.29,,17.69,9.65,13.83,12.87,8.15,9.54,13.4,16.3,9.87,8.69,10.72,12.87,,78.0
441,441,441,US-RI,US,United States,Rhode Island,US-RI,2020-06-15,6.8,9.93,12.27,9.03,10.48,11.38,8.59,10.15,12.49,17.51,8.03,10.37,10.04,11.71,4.8,69.0
442,442,442,US-RI,US,United States,Rhode Island,US-RI,2020-06-22,10.14,8.16,13.45,8.27,15.32,12.35,10.14,12.13,14.0,10.03,7.83,8.49,11.58,11.13,,62.0
443,443,443,US-RI,US,United States,Rhode Island,US-RI,2020-06-29,11.56,,17.74,6.85,16.28,8.87,8.2,13.36,13.25,21.67,9.43,8.98,9.54,7.3,,35.0
444,444,444,US-RI,US,United States,Rhode Island,US-RI,2020-07-06,12.05,10.74,12.49,9.31,15.56,11.62,10.3,12.49,14.79,15.56,7.01,10.41,9.64,11.07,,32.0
445,445,445,US-RI,US,United States,Rhode Island,US-RI,2020-07-13,12.4,9.22,17.12,8.34,13.72,7.9,7.24,11.52,11.63,17.45,9.0,6.8,11.96,10.87,,37.0
446,446,446,US-RI,US,United States,Rhode Island,US-RI,2020-07-20,12.58,7.5,15.78,7.83,13.13,12.13,10.48,13.46,12.58,15.78,10.7,9.93,10.92,7.83,4.52,58.0
447,447,447,US-RI,US,United States,Rhode Island,US-RI,2020-07-27,12.26,8.1,16.85,9.19,10.94,11.71,8.1,11.82,14.55,19.48,9.85,10.72,13.46,9.08,4.38,65.0
448,448,448,US-RI,US,United States,Rhode Island,US-RI,2020-08-03,10.29,7.63,14.82,9.62,16.7,9.62,5.64,12.39,11.95,18.58,10.4,8.29,12.61,10.51,,100.0
449,449,449,US-RI,US,United States,Rhode Island,US-RI,2020-08-10,11.08,6.69,17.66,10.64,15.8,11.41,7.35,15.03,13.93,16.13,11.52,9.11,10.42,12.51,,69.0
450,450,450,US-RI,US,United States,Rhode Island,US-RI,2020-08-17,10.17,5.2,19.24,6.75,16.25,11.28,10.95,14.48,15.37,18.13,9.51,10.28,14.71,14.04,4.42,80.0
451,451,451,US-RI,US,United States,Rhode Island,US-RI,2020-08-24,10.43,5.81,15.92,10.54,14.95,10.22,8.28,14.09,13.02,20.11,9.14,8.71,10.43,12.59,4.62,59.0
452,452,452,US-RI,US,United States,Rhode Island,US-RI,2020-08-31,14.2,9.03,15.7,10.65,12.8,11.4,7.85,9.57,15.16,14.95,9.57,10.11,13.55,10.22,5.05,68.0
453,453,453,US-RI,US,United States,Rhode Island,US-RI,2020-09-07,12.78,8.17,13.82,12.15,13.4,13.3,11.2,8.06,14.24,14.55,11.83,11.2,10.79,12.04,6.49,57.0
454,454,454,US-RI,US,United States,Rhode Island,US-RI,2020-09-14,12.87,8.45,15.99,11.16,13.07,20.42,9.55,11.77,12.97,23.43,7.84,11.77,12.97,11.46,,49.0
455,455,455,US-RI,US,United States,Rhode Island,US-RI,2020-09-21,10.57,8.96,16.72,11.58,17.42,20.34,10.27,12.79,14.6,21.95,10.67,11.38,14.2,16.21,4.73,32.0
456,456,456,US-SD,US,United States,South Dakota,US-SD,2020-01-06,5.63,8.57,9.92,7.1,7.72,7.84,13.47,,8.33,9.06,6.86,11.27,,10.04,10.9,
457,457,457,US-SD,US,United States,South Dakota,US-SD,2020-01-13,9.0,9.24,7.92,10.8,11.52,9.48,15.72,5.04,8.28,10.08,,17.16,6.84,12.0,13.56,
458,458,458,US-SD,US,United States,South Dakota,US-SD,2020-01-20,7.53,9.96,8.87,11.17,7.53,9.11,14.09,6.32,6.07,10.81,,15.54,5.46,13.96,13.24,
459,459,459,US-SD,US,United States,South Dakota,US-SD,2020-01-27,,7.83,9.27,12.28,10.23,9.99,16.98,11.44,,7.47,5.66,18.79,,11.2,13.01,
460,460,460,US-SD,US,United States,South Dakota,US-SD,2020-02-03,8.16,15.6,10.32,10.92,9.0,11.4,15.47,6.24,6.84,9.96,,13.2,8.4,8.88,16.32,
461,461,461,US-SD,US,United States,South Dakota,US-SD,2020-02-10,5.2,11.13,8.66,8.54,7.67,9.77,20.16,6.43,8.66,7.42,5.81,12.62,5.44,8.16,16.58,
462,462,462,US-SD,US,United States,South Dakota,US-SD,2020-02-17,5.25,9.04,11.97,11.73,7.09,10.39,13.32,10.51,9.04,10.88,5.25,14.18,7.82,8.31,15.89,
463,463,463,US-SD,US,United States,South Dakota,US-SD,2020-02-24,6.56,11.57,10.26,11.81,11.22,7.64,19.45,,7.04,9.78,6.8,11.93,5.97,11.45,12.77,
464,464,464,US-SD,US,United States,South Dakota,US-SD,2020-03-02,5.15,9.7,7.66,8.98,10.66,9.82,21.68,6.47,7.18,10.3,,9.58,5.03,14.49,13.17,0.0
465,465,465,US-SD,US,United States,South Dakota,US-SD,2020-03-09,6.02,15.06,10.24,10.0,7.47,5.42,19.39,,,9.28,10.36,12.89,7.95,9.28,25.9,0.0
466,466,466,US-SD,US,United States,South Dakota,US-SD,2020-03-16,8.1,7.0,7.36,11.54,,10.43,16.2,4.91,8.71,6.26,13.01,17.3,7.49,10.31,24.79,0.0
467,467,467,US-SD,US,United States,South Dakota,US-SD,2020-03-23,4.76,10.09,5.21,11.67,8.61,20.74,9.86,,6.01,12.47,13.94,10.99,6.23,6.23,20.17,0.0
468,468,468,US-SD,US,United States,South Dakota,US-SD,2020-03-30,4.94,4.94,6.51,10.44,,7.63,8.87,5.16,6.51,9.88,12.8,10.66,7.18,10.78,16.28,22.0
469,469,469,US-SD,US,United States,South Dakota,US-SD,2020-04-06,4.73,,6.23,10.03,,10.95,5.42,7.96,5.65,9.8,10.03,10.38,7.96,8.3,8.07,21.0
470,470,470,US-SD,US,United States,South Dakota,US-SD,2020-04-13,4.81,5.37,6.05,4.48,,9.74,6.94,7.95,7.39,4.48,6.05,6.49,5.37,7.17,,31.0
471,471,471,US-SD,US,United States,South Dakota,US-SD,2020-04-20,4.75,4.63,7.18,5.1,6.95,11.47,5.21,6.37,7.53,15.4,7.64,5.21,6.83,9.38,,61.0
472,472,472,US-SD,US,United States,South Dakota,US-SD,2020-04-27,5.8,,8.17,,5.56,10.77,,6.86,6.63,7.34,7.1,8.64,6.39,7.34,,62.0
473,473,473,US-SD,US,United States,South Dakota,US-SD,2020-05-04,,6.34,5.53,4.61,,7.95,5.42,,7.72,7.84,5.18,7.03,7.49,8.53,,64.0
474,474,474,US-SD,US,United States,South Dakota,US-SD,2020-05-11,,,8.69,5.75,,6.58,5.4,8.69,8.45,10.57,4.93,6.81,7.16,6.69,,51.0
475,475,475,US-SD,US,United States,South Dakota,US-SD,2020-05-18,,,6.15,,6.91,5.65,,5.53,8.54,9.42,5.15,6.91,6.66,8.41,,52.0
476,476,476,US-SD,US,United States,South Dakota,US-SD,2020-05-25,6.9,,9.96,5.88,5.75,5.62,5.37,6.13,5.88,,5.49,6.9,9.07,9.2,,68.0
477,477,477,US-SD,US,United States,South Dakota,US-SD,2020-06-01,5.19,,7.97,,6.46,,7.09,6.58,6.46,7.85,5.7,6.96,6.46,,,46.0
478,478,478,US-SD,US,United States,South Dakota,US-SD,2020-06-08,,,9.82,,8.56,6.29,5.04,6.67,,8.18,5.41,,5.54,6.17,5.29,61.0
479,479,479,US-SD,US,United States,South Dakota,US-SD,2020-06-15,,,12.68,,7.41,6.53,,,6.03,6.4,,6.53,8.41,9.41,,69.0
480,480,480,US-SD,US,United States,South Dakota,US-SD,2020-06-22,6.67,,7.55,,9.06,6.16,7.04,8.3,5.66,7.17,,6.67,8.68,7.8,6.29,44.0
481,481,481,US-SD,US,United States,South Dakota,US-SD,2020-06-29,,,7.64,5.57,7.13,5.83,,7.13,6.87,7.13,,5.44,7.26,7.26,5.44,39.0
482,482,482,US-SD,US,United States,South Dakota,US-SD,2020-07-06,,7.03,7.28,6.42,7.03,,5.18,7.16,6.54,5.8,7.4,6.79,9.38,7.77,,47.0
483,483,483,US-SD,US,United States,South Dakota,US-SD,2020-07-13,,5.29,9.36,6.03,9.48,,,6.9,8.62,6.53,4.93,,6.77,9.48,,36.0
484,484,484,US-SD,US,United States,South Dakota,US-SD,2020-07-20,6.55,,10.01,,8.65,,6.92,5.06,6.18,9.51,6.05,,,9.14,,27.0
485,485,485,US-SD,US,United States,South Dakota,US-SD,2020-07-27,7.93,8.18,11.4,,9.91,,6.69,,6.82,5.82,5.95,5.08,5.82,9.29,,34.0
486,486,486,US-SD,US,United States,South Dakota,US-SD,2020-08-03,5.97,,9.75,,9.75,8.41,7.8,7.19,5.36,9.87,,5.0,,11.21,,41.0
487,487,487,US-SD,US,United States,South Dakota,US-SD,2020-08-10,,,9.44,,5.81,5.45,7.02,7.38,,5.45,,5.08,7.14,8.11,,40.0
488,488,488,US-SD,US,United States,South Dakota,US-SD,2020-08-17,,4.82,8.94,,6.35,7.64,8.82,5.29,7.06,6.94,5.06,8.94,8.12,12.94,,43.0
489,489,489,US-SD,US,United States,South Dakota,US-SD,2020-08-24,6.03,5.02,8.26,7.37,8.7,,4.8,7.48,7.92,8.48,6.47,6.03,6.92,8.81,,58.0
490,490,490,US-SD,US,United States,South Dakota,US-SD,2020-08-31,6.82,6.93,11.02,9.54,6.47,7.38,5.57,6.36,7.27,13.63,6.25,7.95,6.82,11.02,,62.0
491,491,491,US-SD,US,United States,South Dakota,US-SD,2020-09-07,6.56,4.67,8.67,6.89,10.11,15.45,,7.89,8.0,11.45,5.33,7.78,4.67,9.56,,86.0
492,492,492,US-SD,US,United States,South Dakota,US-SD,2020-09-14,4.41,7.17,9.04,11.47,5.4,13.35,8.38,6.29,6.73,5.96,7.28,9.38,6.84,12.46,4.85,123.0
493,493,493,US-SD,US,United States,South Dakota,US-SD,2020-09-21,,6.96,11.17,8.51,8.51,13.82,,5.75,9.73,7.3,5.42,8.96,8.18,13.16,6.86,185.0
494,494,494,US-VT,US,United States,Vermont,US-VT,2020-01-06,9.51,8.59,9.05,7.05,9.96,14.11,12.11,11.19,7.21,13.95,6.44,15.79,,7.21,11.35,
495,495,495,US-VT,US,United States,Vermont,US-VT,2020-01-13,9.24,9.09,11.0,8.51,15.25,13.93,15.69,11.0,8.07,15.55,,16.43,10.71,,14.08,
496,496,496,US-VT,US,United States,Vermont,US-VT,2020-01-20,7.71,,13.14,14.2,14.05,13.6,15.87,10.73,8.61,15.87,,16.62,10.28,8.46,16.17,
497,497,497,US-VT,US,United States,Vermont,US-VT,2020-01-27,6.75,9.44,10.49,10.79,11.39,15.74,16.49,13.19,7.95,14.09,,20.39,12.14,8.24,19.49,
498,498,498,US-VT,US,United States,Vermont,US-VT,2020-02-03,9.15,9.15,12.76,13.21,6.75,14.26,25.36,7.35,8.1,15.3,7.35,17.71,6.75,9.15,18.61,
499,499,499,US-VT,US,United States,Vermont,US-VT,2020-02-10,7.67,10.18,13.87,14.61,11.66,6.93,14.9,10.03,6.2,18.3,,16.52,9.0,11.36,16.08,
500,500,500,US-VT,US,United States,Vermont,US-VT,2020-02-17,9.16,11.53,8.43,17.74,11.82,10.05,22.32,8.87,6.06,13.6,,17.29,10.05,10.64,16.26,
501,501,501,US-VT,US,United States,Vermont,US-VT,2020-02-24,8.78,9.56,10.34,15.2,14.57,8.62,20.37,12.06,9.71,16.61,,17.39,6.89,9.56,15.51,
502,502,502,US-VT,US,United States,Vermont,US-VT,2020-03-02,7.78,11.53,13.62,13.77,11.68,8.08,17.21,13.47,11.83,19.91,8.53,9.13,,6.59,26.5,0.0
503,503,503,US-VT,US,United States,Vermont,US-VT,2020-03-09,6.73,11.81,6.13,14.35,6.73,,22.13,8.97,8.07,11.36,6.88,15.25,7.33,9.87,32.45,0.0
504,504,504,US-VT,US,United States,Vermont,US-VT,2020-03-16,6.88,6.58,9.36,11.12,12.0,9.95,16.24,6.88,6.44,15.07,19.46,13.02,,8.19,22.68,0.0
505,505,505,US-VT,US,United States,Vermont,US-VT,2020-03-23,,7.72,7.58,11.5,7.44,19.78,9.68,7.72,6.59,11.93,17.26,11.64,,6.73,17.12,18.0
506,506,506,US-VT,US,United States,Vermont,US-VT,2020-03-30,6.86,7.0,,10.92,8.82,7.14,6.16,9.52,10.64,14.28,14.7,15.82,6.16,8.68,12.32,27.0
507,507,507,US-VT,US,United States,Vermont,US-VT,2020-04-06,,6.94,6.94,12.32,5.81,9.63,,8.21,8.21,12.89,6.66,14.3,,8.64,10.9,-45.0
508,508,508,US-VT,US,United States,Vermont,US-VT,2020-04-13,7.6,7.74,8.44,6.89,8.72,8.02,,8.86,6.61,10.97,7.74,6.61,8.58,6.89,8.44,0.0
509,509,509,US-VT,US,United States,Vermont,US-VT,2020-04-20,7.54,,10.16,,7.98,,7.54,8.27,8.27,13.64,7.54,9.0,7.11,,,0.0
510,510,510,US-VT,US,United States,Vermont,US-VT,2020-04-27,,,8.72,,9.3,9.16,8.87,,10.9,11.92,8.14,7.12,7.85,9.45,8.29,0.0
511,511,511,US-VT,US,United States,Vermont,US-VT,2020-05-04,6.59,7.88,9.6,,6.88,10.03,6.16,9.89,10.03,14.04,7.74,8.31,8.31,8.88,,0.0
512,512,512,US-VT,US,United States,Vermont,US-VT,2020-05-11,10.63,,8.45,8.3,8.01,,7.57,9.61,5.83,14.71,7.14,7.14,,10.2,,0.0
513,513,513,US-VT,US,United States,Vermont,US-VT,2020-05-18,10.81,,8.98,7.76,8.22,10.2,,,7.46,11.72,8.68,,,,,0.0
514,514,514,US-VT,US,United States,Vermont,US-VT,2020-05-25,,,9.53,,10.28,9.83,,9.23,8.19,10.28,6.26,6.26,7.75,7.0,,0.0
515,515,515,US-VT,US,United States,Vermont,US-VT,2020-06-01,9.19,,9.78,,9.48,10.23,7.26,8.3,8.6,6.52,,6.82,5.93,8.0,,0.0
516,516,516,US-VT,US,United States,Vermont,US-VT,2020-06-08,7.7,,8.73,6.51,10.65,12.43,,7.55,9.18,11.39,,,7.84,7.7,,0.0
517,517,517,US-VT,US,United States,Vermont,US-VT,2020-06-15,10.6,,9.52,,8.91,9.06,,8.45,9.83,11.21,6.76,,,7.83,,0.0
518,518,518,US-VT,US,United States,Vermont,US-VT,2020-06-22,6.72,,8.07,6.28,10.31,7.62,,7.77,8.07,11.36,,,6.42,8.52,,0.0
519,519,519,US-VT,US,United States,Vermont,US-VT,2020-06-29,6.48,,8.44,,10.25,8.44,,6.33,,11.76,,6.48,,6.18,,0.0
520,520,520,US-VT,US,United States,Vermont,US-VT,2020-07-06,,6.12,12.25,6.27,12.98,8.75,,10.5,,12.1,9.04,,5.83,8.46,,0.0
521,521,521,US-VT,US,United States,Vermont,US-VT,2020-07-13,7.69,,11.39,7.84,13.16,7.1,,9.32,8.13,10.65,6.21,7.1,10.2,9.46,,0.0
522,522,522,US-VT,US,United States,Vermont,US-VT,2020-07-20,8.31,,5.94,,9.65,6.53,,7.72,,12.61,7.42,,10.39,8.61,,0.0
523,523,523,US-VT,US,United States,Vermont,US-VT,2020-07-27,6.18,,12.65,6.18,13.83,6.62,6.77,,8.83,13.39,10.89,,6.03,10.15,,0.0
524,524,524,US-VT,US,United States,Vermont,US-VT,2020-08-03,9.4,,11.31,,14.25,7.93,7.05,8.37,8.96,10.43,7.79,,7.49,10.72,,0.0
525,525,525,US-VT,US,United States,Vermont,US-VT,2020-08-10,7.38,,14.03,,7.24,7.09,10.04,10.04,16.84,11.52,7.24,,9.31,11.67,,0.0
526,526,526,US-VT,US,United States,Vermont,US-VT,2020-08-17,10.37,,13.14,,14.89,,5.99,9.34,7.59,16.35,,,7.59,,,0.0
527,527,527,US-VT,US,United States,Vermont,US-VT,2020-08-24,8.23,,8.8,7.52,12.77,7.8,,,10.64,12.34,6.95,7.24,9.65,6.67,,0.0
528,528,528,US-VT,US,United States,Vermont,US-VT,2020-08-31,,,14.47,6.81,11.49,6.1,8.79,9.79,6.24,10.64,,6.38,9.65,,,0.0
529,529,529,US-VT,US,United States,Vermont,US-VT,2020-09-07,8.46,,14.01,7.91,12.07,23.71,,9.43,7.49,11.37,5.96,6.24,8.18,9.85,,0.0
530,530,530,US-VT,US,United States,Vermont,US-VT,2020-09-14,9.2,,10.99,,11.54,10.58,,8.65,7.55,15.11,9.34,7.83,9.2,6.59,,0.0
531,531,531,US-VT,US,United States,Vermont,US-VT,2020-09-21,8.48,,11.63,9.99,12.86,12.45,6.16,8.89,10.12,16.14,7.25,7.94,7.8,14.09,,0.0
532,532,532,US-WV,US,United States,West Virginia,US-WV,2020-01-06,22.61,22.45,22.94,28.68,27.86,14.26,43.92,26.22,22.61,19.34,10.0,28.84,18.35,16.71,38.51,
533,533,533,US-WV,US,United States,West Virginia,US-WV,2020-01-13,12.36,25.03,28.2,27.57,31.84,19.64,33.43,25.03,22.97,21.07,16.95,29.47,21.23,25.35,35.96,
534,534,534,US-WV,US,United States,West Virginia,US-WV,2020-01-20,22.03,19.02,23.14,25.84,28.53,23.3,42.32,33.45,27.9,30.27,16.01,36.93,20.29,25.36,45.02,
535,535,535,US-WV,US,United States,West Virginia,US-WV,2020-01-27,18.39,19.8,23.07,32.27,29.31,28.53,41.0,24.47,26.97,14.34,10.6,38.19,22.6,30.4,46.92,
536,536,536,US-WV,US,United States,West Virginia,US-WV,2020-02-03,13.93,24.1,25.98,30.36,27.54,25.67,48.52,23.63,20.82,22.07,11.74,35.37,18.31,46.64,48.52,
537,537,537,US-WV,US,United States,West Virginia,US-WV,2020-02-10,15.65,25.67,28.02,35.69,28.18,26.77,43.67,23.48,22.7,27.55,15.97,35.53,21.6,27.7,41.64,
538,538,538,US-WV,US,United States,West Virginia,US-WV,2020-02-17,20.77,26.39,33.11,30.46,34.83,28.58,45.61,28.74,24.21,26.86,13.59,36.08,22.96,32.64,39.51,
539,539,539,US-WV,US,United States,West Virginia,US-WV,2020-02-24,18.01,32.79,29.41,30.79,27.25,24.63,45.57,24.48,21.25,23.86,11.39,33.87,22.48,32.95,49.88,
540,540,540,US-WV,US,United States,West Virginia,US-WV,2020-03-02,19.06,26.09,23.27,36.24,30.93,26.4,50.77,25.93,19.68,20.62,11.4,31.71,26.09,27.34,48.11,0.0
541,541,541,US-WV,US,United States,West Virginia,US-WV,2020-03-09,15.73,29.89,21.02,24.91,21.02,25.54,44.69,19.62,19.15,19.46,21.33,30.67,18.84,27.09,71.31,0.0
542,542,542,US-WV,US,United States,West Virginia,US-WV,2020-03-16,13.4,23.57,14.48,33.28,22.65,22.65,39.91,11.25,20.34,17.26,28.66,35.13,18.18,20.49,70.88,1.0
543,543,543,US-WV,US,United States,West Virginia,US-WV,2020-03-23,11.66,18.09,16.6,27.96,12.11,66.4,31.85,19.29,22.73,20.94,28.56,30.95,14.21,21.83,40.53,0.0
544,544,544,US-WV,US,United States,West Virginia,US-WV,2020-03-30,16.11,17.74,19.22,24.98,15.67,28.68,23.65,20.25,18.33,18.18,23.8,25.57,16.41,27.35,27.05,-1.0
545,545,545,US-WV,US,United States,West Virginia,US-WV,2020-04-06,16.05,14.85,18.61,22.06,18.3,18.16,15.9,21.16,22.81,20.11,22.66,20.7,22.06,24.76,19.2,0.0
546,546,546,US-WV,US,United States,West Virginia,US-WV,2020-04-13,18.56,10.5,16.84,24.03,17.55,21.01,16.26,19.71,21.58,21.01,18.99,19.86,19.57,21.15,16.69,0.0
547,547,547,US-WV,US,United States,West Virginia,US-WV,2020-04-20,17.73,9.59,14.39,17.73,17.01,25.44,14.1,21.51,19.19,21.8,16.57,20.35,18.75,23.26,14.54,0.0
548,548,548,US-WV,US,United States,West Virginia,US-WV,2020-04-27,17.39,11.0,20.21,16.79,18.43,26.45,14.56,25.86,25.12,21.55,15.9,23.48,17.68,25.86,13.52,0.0
549,549,549,US-WV,US,United States,West Virginia,US-WV,2020-05-04,21.43,9.59,17.68,16.94,19.48,17.54,12.89,22.48,22.78,28.63,11.54,16.34,21.73,21.13,10.19,0.0
550,550,550,US-WV,US,United States,West Virginia,US-WV,2020-05-11,13.07,9.54,16.92,17.99,21.07,13.23,11.23,20.3,19.38,18.15,15.69,17.07,14.3,21.22,11.07,0.0
551,551,551,US-WV,US,United States,West Virginia,US-WV,2020-05-18,15.89,10.44,19.48,14.34,18.39,18.54,9.82,23.37,19.32,21.35,7.17,16.98,17.92,19.17,7.01,0.0
552,552,552,US-WV,US,United States,West Virginia,US-WV,2020-05-25,15.15,7.58,20.47,16.92,15.63,13.7,18.05,21.27,22.24,14.83,12.41,12.41,19.66,28.04,10.64,0.0
553,553,553,US-WV,US,United States,West Virginia,US-WV,2020-06-01,18.43,12.93,20.2,15.03,21.01,16.97,12.61,26.18,18.91,16.49,14.71,14.71,19.07,22.47,,0.0
554,554,554,US-WV,US,United States,West Virginia,US-WV,2020-06-08,16.2,11.87,20.86,13.96,24.39,19.73,15.56,19.89,21.82,11.39,9.63,9.3,17.49,23.58,,0.0
555,555,555,US-WV,US,United States,West Virginia,US-WV,2020-06-15,19.23,10.99,24.41,15.36,19.56,16.0,13.09,19.07,25.7,17.3,14.22,15.84,20.53,27.8,,0.0
556,556,556,US-WV,US,United States,West Virginia,US-WV,2020-06-22,14.53,12.11,25.19,13.08,22.77,19.54,11.3,19.7,20.34,22.28,13.56,12.59,20.5,36.17,9.85,0.0
557,557,557,US-WV,US,United States,West Virginia,US-WV,2020-06-29,19.21,14.7,21.38,15.7,22.38,21.71,15.2,22.38,20.04,16.37,18.37,14.03,22.21,21.38,7.01,0.0
558,558,558,US-WV,US,United States,West Virginia,US-WV,2020-07-06,16.36,11.55,26.15,13.32,22.14,19.57,11.71,23.91,20.86,25.83,15.88,20.7,19.89,29.36,10.91,0.0
559,559,559,US-WV,US,United States,West Virginia,US-WV,2020-07-13,16.3,,29.53,8.88,23.88,20.17,14.36,21.46,26.46,17.27,19.69,19.85,18.56,25.66,12.43,0.0
560,560,560,US-WV,US,United States,West Virginia,US-WV,2020-07-20,17.76,11.95,26.32,18.73,22.44,16.79,8.72,20.66,29.71,20.99,15.18,15.82,22.28,37.46,12.27,0.0
561,561,561,US-WV,US,United States,West Virginia,US-WV,2020-07-27,20.31,12.79,14.87,14.39,25.43,19.51,13.75,24.15,23.03,15.99,14.23,15.51,21.59,21.59,16.95,0.0
562,562,562,US-WV,US,United States,West Virginia,US-WV,2020-08-03,20.6,11.59,31.55,17.38,26.4,20.6,13.68,18.99,23.82,19.96,14.97,18.19,19.48,29.46,9.18,0.0
563,563,563,US-WV,US,United States,West Virginia,US-WV,2020-08-10,21.74,10.71,25.84,13.08,28.05,26.0,17.33,18.59,20.96,16.7,14.02,12.29,21.43,26.79,14.81,0.0
564,564,564,US-WV,US,United States,West Virginia,US-WV,2020-08-17,19.21,13.22,29.91,19.05,22.51,17.16,15.43,20.78,26.76,21.41,12.12,21.41,22.67,19.52,10.86,0.0
565,565,565,US-WV,US,United States,West Virginia,US-WV,2020-08-24,15.98,10.2,27.86,18.57,26.19,23.14,11.42,24.97,29.69,27.4,13.09,20.86,23.6,34.86,11.27,0.0
566,566,566,US-WV,US,United States,West Virginia,US-WV,2020-08-31,17.03,9.05,25.32,15.04,25.93,25.32,18.26,29.92,25.17,17.65,11.97,18.57,18.41,26.85,11.36,0.0
567,567,567,US-WV,US,United States,West Virginia,US-WV,2020-09-07,15.65,18.06,26.49,21.37,23.03,29.95,18.97,37.33,21.37,20.92,15.2,24.54,24.84,28.15,11.74,0.0
568,568,568,US-WV,US,United States,West Virginia,US-WV,2020-09-14,16.87,12.09,24.78,20.9,22.54,30.0,21.64,26.42,22.24,18.81,9.11,22.69,18.21,28.81,14.03,0.0
569,569,569,US-WV,US,United States,West Virginia,US-WV,2020-09-21,15.84,16.73,27.24,22.5,27.09,28.87,14.8,23.39,19.39,24.43,14.06,24.13,25.17,25.02,16.29,0.0
570,570,570,US-WY,US,United States,Wyoming,US-WY,2020-01-06,,3.54,2.93,3.48,,,5.2,3.0,,2.69,,3.73,,,4.34,
571,571,571,US-WY,US,United States,Wyoming,US-WY,2020-01-13,,3.04,3.52,,2.98,,3.58,,,4.25,,5.22,2.85,,4.37,
572,572,572,US-WY,US,United States,Wyoming,US-WY,2020-01-20,,,3.18,4.59,3.91,2.57,5.32,,,3.73,,6.3,,,3.67,
573,573,573,US-WY,US,United States,Wyoming,US-WY,2020-01-27,,3.16,,3.4,4.63,3.34,5.21,,,3.34,,6.15,,4.04,4.22,
574,574,574,US-WY,US,United States,Wyoming,US-WY,2020-02-03,,2.48,3.4,3.4,2.54,3.92,4.44,,2.71,2.31,,5.25,,4.15,5.02,
575,575,575,US-WY,US,United States,Wyoming,US-WY,2020-02-10,,,2.54,3.6,2.65,3.01,6.13,4.66,,2.89,,4.72,,3.07,3.42,
576,576,576,US-WY,US,United States,Wyoming,US-WY,2020-02-17,,3.73,4.56,4.26,,3.19,5.21,4.14,,3.25,,3.55,,2.6,5.09,
577,577,577,US-WY,US,United States,Wyoming,US-WY,2020-02-24,3.01,5.22,3.42,3.42,4.06,3.88,5.8,,,2.96,,4.46,4.12,3.07,6.03,
578,578,578,US-WY,US,United States,Wyoming,US-WY,2020-03-02,2.63,2.75,3.15,3.97,2.92,5.43,7.01,,,3.39,,3.8,3.86,2.81,5.32,0.0
579,579,579,US-WY,US,United States,Wyoming,US-WY,2020-03-09,,3.37,,3.19,2.45,3.48,5.82,,,2.74,3.77,2.91,,2.34,8.79,0.0
580,580,580,US-WY,US,United States,Wyoming,US-WY,2020-03-16,,3.52,,4.35,,2.82,4.29,,,,5.05,4.17,,,9.57,0.0
581,581,581,US-WY,US,United States,Wyoming,US-WY,2020-03-23,,,,3.16,,8.65,3.05,,3.28,3.79,4.63,3.22,,,8.31,15.0
582,582,582,US-WY,US,United States,Wyoming,US-WY,2020-03-30,,2.25,,2.19,,,3.18,,,2.25,3.45,3.34,,,5.43,8.0
583,583,583,US-WY,US,United States,Wyoming,US-WY,2020-04-06,,,3.22,,,3.06,,2.18,,3.22,2.95,2.4,,2.62,,17.0
584,584,584,US-WY,US,United States,Wyoming,US-WY,2020-04-13,,,2.22,,2.17,4.23,2.59,,3.17,2.85,,,,,4.01,10.0
585,585,585,US-WY,US,United States,Wyoming,US-WY,2020-04-20,,,,4.93,,5.48,2.41,,3.02,2.19,2.19,2.36,2.63,2.36,,4.0
586,586,586,US-WY,US,United States,Wyoming,US-WY,2020-04-27,,,,,3.41,2.85,,,,2.74,2.68,,2.52,,,6.0
587,587,587,US-WY,US,United States,Wyoming,US-WY,2020-05-04,3.45,,,2.54,2.6,3.33,,,,3.45,,,,,,5.0
588,588,588,US-WY,US,United States,Wyoming,US-WY,2020-05-11,,,,,,3.13,,,,2.79,,,,2.73,,5.0
589,589,589,US-WY,US,United States,Wyoming,US-WY,2020-05-18,,,2.65,,,,,,3.24,3.95,,,,2.77,,8.0
590,590,590,US-WY,US,United States,Wyoming,US-WY,2020-05-25,,,,,2.42,,,,,,,,,,,7.0
591,591,591,US-WY,US,United States,Wyoming,US-WY,2020-06-01,,,,2.57,2.63,,,,2.45,3.17,,,2.57,2.45,,5.0
592,592,592,US-WY,US,United States,Wyoming,US-WY,2020-06-08,,,,,2.63,,,2.45,3.46,,,,,,,3.0
593,593,593,US-WY,US,United States,Wyoming,US-WY,2020-06-15,2.73,,,,,,,,2.73,,,,,,,7.0
594,594,594,US-WY,US,United States,Wyoming,US-WY,2020-06-22,,,,2.64,,,,2.88,,,,,,3.11,,12.0
595,595,595,US-WY,US,United States,Wyoming,US-WY,2020-06-29,,,3.12,,,,,,,2.46,,,,,,7.0
596,596,596,US-WY,US,United States,Wyoming,US-WY,2020-07-06,,,4.08,,3.39,2.3,,,,2.93,,,2.59,2.87,,5.0
597,597,597,US-WY,US,United States,Wyoming,US-WY,2020-07-13,,,2.63,,2.4,,,,,,,,,2.97,,19.0
598,598,598,US-WY,US,United States,Wyoming,US-WY,2020-07-20,,,,,,,,,,2.81,,,,2.35,,15.0
599,599,599,US-WY,US,United States,Wyoming,US-WY,2020-07-27,3.21,,2.41,2.87,2.81,,,,,3.15,,,2.41,,,9.0
600,600,600,US-WY,US,United States,Wyoming,US-WY,2020-08-03,,,,,2.8,,,,2.97,,,,2.4,,,10.0
601,601,601,US-WY,US,United States,Wyoming,US-WY,2020-08-10,,,4.39,,3.99,,,,2.74,,2.97,,,2.57,,14.0
602,602,602,US-WY,US,United States,Wyoming,US-WY,2020-08-17,,,4.66,,2.75,,,,,2.53,,,2.42,,,16.0
603,603,603,US-WY,US,United States,Wyoming,US-WY,2020-08-24,,,3.31,,3.37,,,2.6,,,,,,2.48,,8.0
604,604,604,US-WY,US,United States,Wyoming,US-WY,2020-08-31,,,3.13,2.85,2.68,,,,2.63,2.85,2.9,,,,,4.0
605,605,605,US-WY,US,United States,Wyoming,US-WY,2020-09-07,2.25,,,2.75,2.92,2.53,,,,2.86,2.2,2.48,,,,9.0
606,606,606,US-WY,US,United States,Wyoming,US-WY,2020-09-14,,,2.9,,3.17,,2.19,,2.46,3.88,,2.57,2.68,,,15.0
607,607,607,US-WY,US,United States,Wyoming,US-WY,2020-09-21,,,2.96,2.52,3.56,4.38,,2.41,,2.24,,2.74,,3.23,,19.0
